conf,end,start,word
0.777038,0.692038,0.42,إِنَّ
0.376687,1.161549,1.014761,ٱلَّهْ

