conf,end,start,word
0.701482,0.387255,0.2402,فِي
1.0,0.72,0.387255,ٱلْأُمَمِ
1.0,1.137962,0.72,ٱلْمُتَّحِدَهْ

