conf,end,start,word
0.422109,0.328454,0.0,ٱلْجَيْشْ
0.710964,0.39971,0.328454,فِي
1.0,0.75,0.39971,ٱلْأُمَمِ
1.0,1.164481,0.75,ٱلْمُتَّحِدْ

