conf,end,start,word
0.822301,0.406918,0.300441,فِي
1.0,0.72,0.406918,ٱلْأُمَمِ
1.0,1.081404,0.72,ٱلْمُتَّحِدَهْ

