conf,end,start,word
0.989135,0.389221,0.03,قُوَّاتِ
1.0,0.75,0.389221,ٱلْأَمْنِ
0.983525,1.168303,0.75,قُتِلُو

