conf,end,start,word
0.655144,0.875616,0.725999,مِنْ

