conf,end,start,word
0.967076,0.75,0.36206,ٱلْأَنۢبَاءْ
0.90569,0.929932,0.75,مِنْ

