conf,end,start,word
0.658745,0.294405,0.135356,فِي
0.966489,0.84,0.294405,ٱلْبِلَادْ

