conf,end,start,word
0.315717,0.269495,0.005939,أَنَّ
0.992623,0.84,0.269495,ٱلْبِلَادَ

