conf,end,start,word
0.878787,0.359241,0.240301,فِي
1.0,0.81,0.359241,ٱلْبِلَادْ

