conf,end,start,word
0.880831,0.316803,0.052558,فِي
1.0,0.84,0.316803,ٱلْبِلَادْ

