conf,end,start,word
0.957603,0.325607,0.03,قُوَّاتِ
1.0,0.834099,0.325607,ٱتَّحَالُفْ
0.783731,0.997904,0.84,فِي

