conf,end,start,word
0.901559,0.359596,0.15,قَالَ
0.99857,0.78,0.359994,ٱتَّحَالُفُ
1.0,1.076263,0.78,ٱدَّوْلِيُّ

