conf,end,start,word
0.77965,0.255055,0.03,مُرَاسِلُ
0.982619,0.869836,0.255055,ٱلْجَزِيرَهْ

