conf,end,start,word
0.994145,0.419993,0.03,مُرَاسِلُ
0.994568,0.78,0.419993,ٱلْجَزِيرَهْ
0.957928,0.878435,0.78,فِي

