conf,end,start,word
0.948372,0.328767,0.03,قَنَاةِ
1.0,0.780935,0.328767,ٱلْجَزِيرَهْ
0.888934,0.961308,0.780935,فِي
0.334792,1.14,0.961308,قَطَرْ

