conf,end,start,word
0.960841,0.36,0.03,مُرَاسِلُ
0.996966,0.781848,0.36,ٱلْجَزِيرَهْ
0.515415,1.014578,0.781848,بِأَنَّ

