conf,end,start,word
0.967719,0.420557,0.03,مُرَاسِلُ
0.931984,0.78,0.420557,ٱلْجَزِيرَهْ
0.900208,1.00689,0.78059,فِي

