conf,end,start,word
0.508174,0.371128,0.03,إِلَى
0.993631,0.78,0.371128,ٱلْجَيْشِ

