conf,end,start,word
0.561464,0.39,0.0,أَنَّ
0.949254,0.720066,0.399171,ٱلْجَيْشَ
0.996273,1.134009,0.720066,ٱلْوَطَنِيَّ

