conf,end,start,word
0.975704,0.298081,0.0,أَنَّ
0.987616,0.84,0.298081,ٱلْحُكُومَةَ

