conf,end,start,word
0.999498,0.812278,0.100163,ٱلْحُكُومَةِ
0.652536,1.063088,0.812278,عَلَى

