conf,end,start,word
0.99191,0.78,0.27,ٱلْحُوثِيّْ
0.340266,1.040619,0.980619,فِي

