conf,end,start,word
1.0,0.810009,0.013528,ٱلْحُوثِيِّ
0.932985,1.038602,0.810009,عَلَى

