conf,end,start,word
0.938439,0.270167,0.03,وَزِيرَ
0.987178,0.870128,0.271134,ٱلْخَارِجِيَّةِ
0.326537,1.14,0.870128,ٱلْأَمْرِيكِيِّ

