conf,end,start,word
0.995885,0.3,0.03,زَارَةِ
1.0,0.750755,0.33,ٱدِّفَاعْ
0.701115,1.167508,0.750755,ٱلْأَمِيرِيكِي

