conf,end,start,word
0.987939,0.39,0.03,وِزَارَةُ
1.0,0.780181,0.39,ٱدِّفَاعِ
0.52276,1.107293,0.780181,ٱلْيَمَنِيّْ

