conf,end,start,word
0.995645,0.42,0.030859,وُزَارَةُ
1.0,0.752635,0.42,ٱدِّفَاعِ
0.477146,1.079833,0.752635,ٱلْعِرَاقِيّْ

