conf,end,start,word
0.990246,0.39,0.03,وَزِيرُ
1.0,0.780178,0.39,ٱدِّفَاعِ
0.623398,1.16878,0.780178,ٱتُّرْكِيِّ

