conf,end,start,word
0.900931,0.778301,0.167774,ٱدَّوْلَهْ
0.448774,1.007389,0.787305,فِي

