conf,end,start,word
0.555221,0.305617,0.0,ٱتَّحَالُفِ
0.978504,0.857052,0.305617,ٱدَّوْلِيّْ

