conf,end,start,word
0.963994,0.750008,0.409967,ٱرَّئِيسُ
0.986612,1.107033,0.750008,ٱلْأَمِيرِيكِيُّ

