conf,end,start,word
0.739339,0.408756,0.18,قَالَ
0.925152,0.72,0.408756,ٱرَّئِيسُ
0.932699,1.131838,0.720467,ٱلْأَمِيرِيكِيُّ

