conf,end,start,word
0.99069,0.832616,0.013379,ٱسُّعُودِيَّهْ
0.773401,0.962715,0.832616,فِي

