conf,end,start,word
0.91628,0.330061,0.182011,عَبْدِ
0.995855,0.81,0.330061,ٱسَّلَامْ

