conf,end,start,word
0.997674,0.87,0.0,ٱشَّعْبِيَّهْ
0.939876,0.993776,0.87,فِي
0.266822,1.17,0.993776,ٱلْيَمَنْ

