conf,end,start,word
0.985168,0.84,0.057472,ٱشَّعْبِيَّهْ
0.940963,0.992136,0.84,فِي
0.258806,1.14,0.992136,ٱلْيَمَنْ

