conf,end,start,word
0.651638,0.317399,0.032255,فِي
0.962211,0.81,0.317399,ٱلْعِرَاقْ

