conf,end,start,word
0.991397,0.359232,0.210565,فِي
1.0,0.81,0.359232,ٱلْعِرَاقْ

