conf,end,start,word
0.977357,0.38745,0.24,فِي
1.0,0.750537,0.38745,ٱلْعِرَاقْ
0.972642,0.964483,0.78,قَالَ

