conf,end,start,word
0.914494,0.383074,0.27,فِي
1.0,0.781185,0.383074,ٱلْعِرَاقْ
0.409809,1.024697,0.81,قَالَتْ

