conf,end,start,word
0.684737,0.354217,0.0,ٱدِّفَاعِ
0.996222,0.84,0.354217,ٱلْعِرَاقِيَّهْ
0.699212,0.991437,0.84,إِنَّ

