conf,end,start,word
0.737658,0.302167,0.0,ٱدِّفَاعِ
1.0,0.84,0.302167,ٱلْعِرَاقِيَّهْ
0.771671,0.990553,0.84,إِنَّ

