conf,end,start,word
0.686964,0.298898,0.0,ٱدِّفَاعِ
0.968871,0.840057,0.298898,ٱلْعِرَاقِيَّهْ

