conf,end,start,word
0.507327,0.259174,0.032656,إِلَى
0.993932,0.84,0.259174,ٱلِّقَاءْ

