conf,end,start,word
0.968623,0.39,0.049572,إِلَى
0.984683,0.75,0.39,ٱلِّقَاءْ

