conf,end,start,word
0.985767,0.84,0.000566,ٱلْمُتَحَدِّثُ
0.555192,1.138094,0.84,بِسْمِ

