conf,end,start,word
0.996848,0.87,0.017204,ٱلْمُتَحَدِّثُ
0.995024,1.14,0.870095,بِسْمِ

