conf,end,start,word
0.937546,0.29437,0.06,قَالَ
1.0,0.84,0.29437,ٱلْمُتَحَدِّثُ
0.908916,1.163655,0.84,بِسْمِ

