conf,end,start,word
0.881989,0.81,0.052052,ٱلْمُتَحَدِّثُ
0.968487,1.04098,0.810137,بِسْمِ

