conf,end,start,word
0.779226,0.339964,0.065636,مَعَ
0.99608,0.81,0.339964,ٱلْمُعَارَضَهْ
0.992036,1.099552,0.81,ٱسُّورِيَّهْ

