conf,end,start,word
0.998836,0.81,0.00405,ٱلْمُعَارَضَةِ
0.997803,1.05136,0.81,ٱسُّورِيَّةِ
0.223675,1.14,1.05136,عَلَى

