conf,end,start,word
0.989047,0.299737,0.000698,أَنَّ
1.0,0.87,0.299737,ٱلْمُقَاوَمَةَ
0.988388,1.16925,0.87,ٱشَّعْبِيَّةَ

