conf,end,start,word
0.793977,0.25558,0.03,مَعَ
1.0,0.900057,0.25558,ٱلْمُقَاوَمَةِ
0.993536,1.17,0.900057,ٱشَّعْبِيَّةِ

