conf,end,start,word
0.975403,0.268183,0.03,مِنَ
1.0,0.900116,0.268183,ٱلْمُقَاوَمَةِ
0.934904,1.17,0.900116,ٱلْيَمَنِيَّةِ

