conf,end,start,word
0.993081,0.299309,0.03,مَعَ
1.0,0.839327,0.299309,ٱلْمُقَاوَمَةِ
0.977575,1.169677,0.84,ٱشَّعْبِيَّةِ

