conf,end,start,word
0.668017,0.295386,0.03,قَالَتْ
1.0,0.869967,0.295386,ٱلْمُقَاوَمَةُ
0.997821,1.168279,0.87,ٱشَّعْبِيَّةُ

