conf,end,start,word
0.97358,0.999551,0.84,إِلَى
0.3719,1.17,0.999551,ٱلِّقَاءْ

