conf,end,start,word
0.933435,0.357238,0.030326,قُوَّاتِ
1.0,0.78,0.357238,ٱنِّظَامِ
0.98109,1.101968,0.78,ٱسُّورِيّْ

