conf,end,start,word
0.619124,0.328335,0.0,أَنَّ
1.0,0.78,0.328335,ٱنِّظَامَ
0.991748,1.135134,0.78,ٱسُّورِيَّ

