conf,end,start,word
1.0,0.36,0.000831,أَنَّ
1.0,0.78002,0.36,ٱنِّظَامَ
0.984388,1.098848,0.78002,ٱسُّورِيَّ

