conf,end,start,word
0.998284,0.330026,0.030044,رَئِيسُ
0.998551,0.785672,0.330026,ٱلْوُزَرَاءِ
0.513773,1.137114,0.785672,وَزِيرُ

