conf,end,start,word
0.756921,0.346744,0.269023,فِي
1.0,0.78,0.346744,ٱلْوِلَايَاتِ
1.0,1.138834,0.78,ٱلْمُتَّحِدَهْ

