conf,end,start,word
0.989291,0.84,0.008628,ٱلْيَمَنِيَّهْ
0.394087,0.991962,0.84,أَنَّ

