conf,end,start,word
0.99251,0.45,0.005589,ٱلْيَمَنْ
0.811824,0.719115,0.45,بِأَنَّ
0.505918,1.098218,0.720912,طَائِرَاتْ

