conf,end,start,word
0.541722,0.45,0.0,ٱلْجَزِيرَهْ
0.995745,0.72099,0.45,بِأَنَّ
0.80478,1.139771,0.72099,ٱلْمُقَاوْمَةْ

