conf,end,start,word
0.840666,0.775732,0.377608,بِسْمِ
0.708178,1.169724,0.78,وِزَارَةِ

