conf,end,start,word
1.0,0.39,0.0,أَهْلً
0.998938,0.69,0.42,بِكُمْ
0.847165,0.880042,0.69,إِلَى

