conf,end,start,word
0.971857,0.39,0.0,أَهْلً
0.998655,0.661038,0.42,بِكُمْ
0.909487,0.84,0.661038,إِلَى

