conf,end,start,word
0.701541,0.45,0.3,أَهْلً
0.985147,0.686921,0.45,بِكُمْ

