conf,end,start,word
0.987056,0.39,0.180447,إِلَى
0.989874,0.78,0.39,تَنْظِيمِ
1.0,1.11984,0.78,ٱدَّوْلَةِ

