conf,end,start,word
0.996124,0.389942,0.03,مِنْ
1.0,0.75,0.389942,تَنْظِيمِ
1.0,1.160758,0.75,ٱدَّوْلَةِ

