conf,end,start,word
0.998595,0.419977,0.03,بِأَنَّ
1.0,0.75,0.419977,تَنْظِيمِ
0.997733,1.071847,0.75,ٱدَّوْلَهْ

