conf,end,start,word
1.0,0.42,0.03,مِنْ
1.0,0.750887,0.42,تَنْظِيمِ
0.940478,1.07714,0.750887,ٱدَّوْلَةِ

