conf,end,start,word
0.996745,0.33,0.06,مِنْ
0.790172,0.78,0.33,جِهَتِهِ
0.450173,1.032857,0.81,قَالَ

