conf,end,start,word
0.958943,0.42,0.27,مِنْ
0.782709,0.72,0.42,جِهَتِهِ
0.801805,0.973156,0.75,قَالَ

