conf,end,start,word
0.944355,0.36,0.21,مِنْ
0.995119,0.75,0.36,جِهَتِهِ
0.969775,0.995654,0.78,قَالَ

