conf,end,start,word
0.907612,0.36,0.21,مِنْ
0.998104,0.750016,0.36,جِهَتِهِ
0.955673,0.99377,0.78,قَالَ

