conf,end,start,word
0.93458,0.39,0.27,مِنْ
0.998345,0.75,0.39,جِهَتِهِ
0.973985,0.937077,0.78,قَالَ
0.510436,1.17,0.937077,وَزِيرُ

