conf,end,start,word
0.998984,0.36,0.09,مِنْ
0.990181,0.78,0.36,جِهَتِهِ
0.940701,1.025499,0.81,قَالَ

