conf,end,start,word
0.930935,0.36,0.21,مِنْ
1.0,0.81,0.36,جِهَتِهِ
0.994526,1.09789,0.84,قَالَ

