conf,end,start,word
0.996344,0.42,0.299721,فِي
1.0,0.73198,0.42,حَلَبْ

