conf,end,start,word
0.967794,0.42,0.270124,فِي
0.887192,0.773796,0.42,حَلَبْ

