conf,end,start,word
0.942881,0.42,0.299883,فِي
0.989612,0.749904,0.42,حَلَبْ

