conf,end,start,word
0.946803,0.45,0.0,ٱرَّئِيسِ
0.968337,0.719794,0.48,دُونَالْدِ
0.93445,1.11,0.719794,تْرَامْبْ

