conf,end,start,word
0.472611,0.78,0.127357,رَئِيسِ
0.553881,1.161805,0.78,مَجْلِسِ

