conf,end,start,word
0.988826,0.780024,0.36603,رَئِيسُ
0.91603,1.14,0.780024,ٱلْحُكُومَةِ

