conf,end,start,word
0.981857,0.207323,0.03,عَبْدِ
0.70095,0.39,0.207323,ٱلَّهْ
1.0,0.81,0.39,صَالِحْ

