conf,end,start,word
0.980925,0.81,0.328783,طَائِرَاتِ
0.997738,1.169817,0.81,ٱنِّظَامِ

