conf,end,start,word
0.786185,0.29706,0.0,أَنَّ
0.877753,0.959168,0.3,طَائِرَاتٍ

