conf,end,start,word
0.995225,0.36,0.0,أَنَّ
1.0,0.780054,0.36,طَائِرَاتِ
0.996277,1.16957,0.780054,ٱنِّظَامِ

