conf,end,start,word
0.996244,0.48,0.270524,عَلِيِّ
1.0,0.63,0.48,عَبْدَ
0.979166,0.779816,0.63,ٱلَّهْ
1.0,1.14,0.779816,صَالِحْ

