conf,end,start,word
0.901897,0.78,0.36,عَلِيِّ
0.918684,1.020053,0.780548,عَبْدَ
0.888469,1.14,1.020053,ٱلَّهْ

