conf,end,start,word
0.997983,0.72,0.392038,قَالَ
0.979886,1.17,0.720123,لِلْجَزِيرَهْ

