conf,end,start,word
0.959229,0.719302,0.45,قَالَ
0.71626,1.150689,0.75,مُرَاسِلُ

