conf,end,start,word
0.968548,0.42,0.037243,جِهَتِهِ
1.0,0.66,0.45,قَالَ
0.98307,0.971533,0.66,رَئِيسُ
0.399099,1.17,0.971533,ٱلْوُزَرَاءِ

