conf,end,start,word
0.838954,0.42,0.042134,جِهَتِهِ
1.0,0.69,0.45,قَالَ
0.998556,0.986714,0.69,وَزِيرُ
0.243449,1.17,0.99,ٱدِّفَاعِ

