conf,end,start,word
0.996717,0.72,0.45,قَالَ
0.865231,1.017196,0.72,رَئِيسُ

