conf,end,start,word
1.0,0.69,0.39,قَالَ
0.99891,1.002843,0.69,وَزِيرُ
0.503983,1.17,1.002843,ٱدِّفَاعِ

