conf,end,start,word
0.996049,0.72,0.45,قَالَ
0.968531,1.139731,0.72,مُرَاسِلُ

