conf,end,start,word
0.971747,0.75,0.39,قَالَتْ
0.251547,1.164624,0.750088,مُرَاسِلُ

