conf,end,start,word
0.898189,0.418795,0.183389,فِي
1.0,0.78,0.418795,قَطَرْ

