conf,end,start,word
0.396099,0.300032,0.0,ٱلْجَزِيرَهْ
0.95674,0.42,0.300032,فِي
0.999794,0.75,0.421065,قَطَرْ
0.998256,0.99,0.750006,أَهْلً
0.787983,1.17,0.99,بِكُمْ

