conf,end,start,word
0.931752,0.390694,0.247454,فِي
1.0,0.78,0.391965,قَطَرْ

