conf,end,start,word
0.376651,0.27,0.0,ٱلْجَزِيرَهْ
0.97822,0.42,0.270211,فِي
0.994533,0.730806,0.420492,قَطَرْ

