conf,end,start,word
0.561052,0.384627,0.15,مِنْ
1.0,0.72,0.384627,قَنَاةِ
1.0,1.139507,0.72,ٱلْجَزِيرَهْ

