conf,end,start,word
0.837038,0.447079,0.041869,مِنْ
1.0,0.72,0.447079,قَنَاةِ
1.0,1.136967,0.72,ٱلْجَزِيرَهْ

