conf,end,start,word
0.867568,0.419745,0.248066,مِنْ
1.0,0.72,0.419745,قَنَاةِ
1.0,1.14,0.72,ٱلْجَزِيرَهْ

