conf,end,start,word
0.818153,0.44995,0.08976,مِنْ
1.0,0.75,0.44995,قَنَاةِ
1.0,1.133447,0.75,ٱلْجَزِيرَهْ

