conf,end,start,word
0.904974,0.42,0.2414,مِنْ
0.994473,0.749598,0.42,قَنَاةِ
0.986663,1.148702,0.750168,ٱلْجَزِيرَهْ

