conf,end,start,word
0.796385,0.449905,0.271902,مِنْ
1.0,0.75,0.449905,قَنَاةِ
1.0,1.097848,0.75,ٱلْجَزِيرَهْ

