conf,end,start,word
0.997839,0.42,0.0,أَنَّ
0.997025,0.753767,0.42,قُوَّاتِ
0.759164,1.167805,0.753767,ٱلْمُقَاوَمَةِ

