conf,end,start,word
0.982141,0.36,0.03,مِنْ
1.0,0.750027,0.360059,قُوَّاتِ
0.865058,1.139626,0.750027,ٱنِّظَامِ

