conf,end,start,word
0.83517,0.359836,0.0,أَنَّ
0.974213,0.751581,0.36044,قُوَّاتِ
0.886321,1.102681,0.751581,ٱدِّفَاعِ

