conf,end,start,word
0.946309,0.42,0.001244,أَنَّ
0.996814,0.75,0.42,قُوَّاتِ
0.936864,1.153742,0.75,ٱلْمُعَارَضَةِ

