conf,end,start,word
0.999145,0.33,0.03,مَصَادِرُ
0.999145,0.75,0.33,لِلْجَزِيرَهْ
0.852105,0.873613,0.750087,إِنَّ

