conf,end,start,word
0.988233,0.36,0.03,مَصَادِرُ
0.982109,0.78,0.36,لِلْجَزِيرَهْ
0.573343,0.940094,0.78,أَنَّ

