conf,end,start,word
0.374651,0.359648,0.146864,فِي
0.954714,0.81062,0.360998,لِيبْيَا

