conf,end,start,word
0.996546,0.35952,0.031534,فِي
1.0,0.81,0.35952,لِيبْيَا

