conf,end,start,word
0.634615,0.270072,0.0,ٱلْجَزِيرَهْ
0.993853,0.42,0.270742,فِي
0.9923,0.720202,0.42,لِيبْيَا

