conf,end,start,word
0.64617,0.34238,0.031953,إِلَى
1.0,0.78,0.34238,لِيبْيَا

