conf,end,start,word
0.996714,0.391606,0.212841,فِي
0.992504,0.75,0.391606,لِيبْيَا
0.956094,0.960482,0.75,فِي

