conf,end,start,word
0.291111,0.566747,0.345202,ٱلَّهِ

