conf,end,start,word
0.917675,0.33,0.03,رَئِيسِ
0.952447,0.78,0.361425,مَجْلِسِ
0.851719,1.060986,0.78,ٱلْأَمْنِ

