conf,end,start,word
0.865699,0.417083,0.211189,فِي
1.0,0.78,0.417083,مَجْلِسِ
1.0,1.066241,0.78,ٱلْأَمْنِ

