conf,end,start,word
0.997813,0.780047,0.342057,مَجْلِسِ
0.996365,1.106251,0.780047,ٱلْأَمْنِ

