conf,end,start,word
0.88409,0.39,0.12044,قَالَ
0.983998,0.75,0.390428,مُرَاسِلُ
0.966625,1.130427,0.75,ٱلْجَزِيرَهْ

