conf,end,start,word
0.96529,0.480021,0.0,ٱلْأَنۢبَاءِ
0.997483,0.66,0.480021,مِنْ
1.0,0.936081,0.660075,قَنَاةِ
0.522498,1.14,0.936081,ٱلْجَزِيرَهْ

