conf,end,start,word
1.0,0.33,0.03,عَلَى
0.998454,0.780473,0.33,مَوَاقِعِ
0.960036,1.09307,0.780473,ٱنِّظَامِ

