conf,end,start,word
0.984219,0.75013,0.03,وَذَلِكَ
0.96943,0.885936,0.75013,فِي

