conf,end,start,word
0.998939,0.84,0.33,وَذَلِكَ
0.91773,1.018859,0.87,فِي

