conf,end,start,word
1.0,0.78005,0.33,وَذَلِكَ
0.993718,0.942121,0.78005,فِي

