conf,end,start,word
0.989361,0.750111,0.420802,وِزَارَةِ
0.983443,1.137367,0.750111,ٱدِّفَاعِ

