conf,end,start,word
0.994447,0.39,0.12,قَالَ
1.0,0.780058,0.390167,وَزِيرُ
0.995944,1.138629,0.780058,ٱلْخَارِجِيَّةِ

