conf,end,start,word
0.569317,0.295711,0.0,ٱلْحُوثِيِّ
0.98707,0.87,0.295711,وَقُوَّاتِ
0.966951,1.169299,0.9,صَالِحْ

