conf,end,start,word
0.993122,0.39,0.0,ٱلْحُوثِيِّ
1.0,0.780489,0.390134,وَقُوَّاتِ
0.959522,1.044066,0.780489,ٱرَّئِيسِ

