conf,end,start,word
0.869247,0.36,0.0,ٱلْحُوثِيِّ
1.0,0.780052,0.36,وَقُوَّاتِ
0.995403,1.033031,0.780052,ٱرَّئِيسِ

