conf,end,start,word
0.878453,0.871329,0.300185,وَقُوَّاتِ
0.170079,1.14,0.871329,ٱتَّحَالُفِ

