conf,end,start,word
0.794206,0.98958,0.648211,قُوَّاتِ
0.132966,1.14,0.99,ٱلْجَيْشِ

