conf,end,start,word
0.505244,0.720803,0.44423,أَنَّ
0.760848,1.14,0.749568,قُوَّاتِ

