conf,end,start,word
0.999907,0.47628,0.0,ٱلْيَمَنْ
0.875534,0.66015,0.48,إِنَّ
0.921838,0.996083,0.660479,قُوَّاتِ

