conf,end,start,word
0.998699,0.389725,0.0,أن
1.0,0.72,0.389725,الأمم
1.0,1.141285,0.72,المتحدة
