conf,end,start,word
0.993909,0.449973,0.36,في
0.998387,0.72,0.449973,الأمم
1.0,1.158466,0.72,المتحدة
