conf,end,start,word
0.998358,0.72,0.331089,الأمم
1.0,1.125439,0.72,المتحدة
