conf,end,start,word
0.999075,0.389897,0.257292,مِنَ
1.0,0.72,0.389897,ٱلْأُمَمِ
1.0,1.079537,0.72,ٱلْمُتَّحِدَهْ

