conf,end,start,word
0.947185,0.38071,0.002943,أن
1.0,0.75,0.38071,الأمم
1.0,1.160992,0.75,المتحدة
