conf,end,start,word
0.996746,0.449912,0.22767,مَعَ
1.0,0.72,0.449912,ٱلْأُمَمِ
1.0,1.132191,0.72,ٱلْمُتَّحِدَهْ

