conf,end,start,word
0.506462,0.440829,0.30631,فِي
0.91097,0.75,0.440829,ٱلْأُمَمِ

