conf,end,start,word
0.697563,0.344759,0.03,قالت
1.0,0.78,0.344759,الأمم
1.0,1.129637,0.78,المتحدة
