conf,end,start,word
1.0,0.42,0.03,قوات
1.0,0.660046,0.42,الأمن
0.994164,1.070557,0.660046,العراقية
