conf,end,start,word
0.821659,0.370523,0.035964,مَجْلِسِ
1.0,0.72,0.370523,ٱلْأَمْنْ

