conf,end,start,word
1.0,0.33,0.03,مجلس
1.0,0.780017,0.33,الأمن
0.99133,1.077831,0.780017,الدولي
