conf,end,start,word
0.999199,0.36,0.030033,مجلس
1.0,0.72,0.36,الأمن
0.883353,0.947395,0.72,إلى
