conf,end,start,word
0.982819,0.359734,0.03,قُوَّاتِ
1.0,0.804192,0.359734,ٱلْأَمْنِ

