conf,end,start,word
0.93588,0.357979,0.030606,قُوَّاتِ
1.0,0.78,0.357979,ٱلْأَمْنِ

