conf,end,start,word
0.895525,0.323179,0.03036,قوات
1.0,0.81,0.323179,الأمن
