conf,end,start,word
0.96287,0.42,0.03,قوات
1.0,0.690055,0.42,الأمن
0.694244,1.068138,0.690055,العراقية
