conf,end,start,word
0.983032,0.42,0.030115,مجلس
1.0,0.762744,0.42,الأمن
