conf,end,start,word
0.965091,0.84,0.0,الأميركية
0.567021,1.072081,0.998038,في
