conf,end,start,word
0.992587,0.929974,0.0,ٱلْأَمِيرِيكِيَّهْ
0.9683,1.015868,0.929974,فِي

