conf,end,start,word
0.850527,0.810193,0.0,ٱلْأَمِيرِيكِيَّهْ
0.934077,0.968744,0.810193,عَلَى

