conf,end,start,word
0.935924,0.81,0.004308,الأميركية
0.940891,0.979444,0.811116,في
0.247596,1.169695,0.99,قطر
