conf,end,start,word
0.914272,0.78,0.366067,الأنباء
0.875758,0.96,0.78,من
