conf,end,start,word
1.0,0.75,0.0,الأنباء
0.947837,0.9,0.75,من
0.446644,1.139785,0.9,قناة
