conf,end,start,word
0.570093,0.81,0.690835,من
0.867341,1.108289,0.810033,قناة
