conf,end,start,word
0.976292,0.780463,0.038136,الأنباء
0.900729,0.934485,0.780463,من
