conf,end,start,word
0.791114,0.78053,0.256944,ٱلْأَنۢبَاءْ
0.726922,0.9,0.78053,مِنْ

