conf,end,start,word
0.993631,0.900278,0.0,ٱلْإِسْرَائِيلِيّْ
0.315214,1.046302,0.900278,إِنَّ

