conf,end,start,word
0.994509,0.982167,0.0,ٱلْإِسْرَائِيلِيّْ
0.502965,1.04208,0.982167,فِي

