conf,end,start,word
0.533422,0.240244,0.0,الجيش
0.899443,0.86883,0.240244,الإسرائيلي
