conf,end,start,word
0.716292,0.227735,0.0,الجيش
0.942763,0.86993,0.227735,الإسرائيلي
