conf,end,start,word
0.865759,0.285791,0.0,دَوْلَةِ
1.0,0.81,0.285791,ٱلْإِسْلَامِيَّهْ
0.882467,0.93119,0.81,فِي

