conf,end,start,word
0.995992,0.9,0.021222,الإسلامية
0.87937,1.019013,0.9,في
