conf,end,start,word
0.811345,0.307278,0.0,الدولة
1.0,0.840395,0.307278,الإسلامية
0.866988,0.980151,0.840395,أن
