conf,end,start,word
0.907729,0.292372,0.0,الدولة
0.984197,0.87,0.292372,الإسلامية
