conf,end,start,word
0.994254,0.299386,0.0,دَوْلَةِ
1.0,0.84,0.299386,ٱلْإِسْلَامِيَّهْ
0.675297,0.93552,0.84,فِي
0.277516,1.168697,0.93552,مَدِينَةِ

