conf,end,start,word
1.0,0.93,0.016621,الإسلامية
0.835302,1.03874,0.93,في
