conf,end,start,word
1.0,0.840017,0.002619,الإسلامية
0.983684,1.17,0.840017,الأميركية
