conf,end,start,word
1.0,0.900115,0.063227,الإسلامية
0.951045,1.043564,0.900115,في
