conf,end,start,word
0.616062,0.317564,0.0,ٱدِّفَاعِ
0.653083,0.777066,0.317564,ٱلْإِيرَانِيّْ
0.316494,0.887381,0.78,أَنَّ
0.211436,1.17,1.05,ٱلَّهَ

