conf,end,start,word
0.732658,0.256398,0.03,في
1.0,0.9,0.256398,البلاد
