conf,end,start,word
0.963632,0.389518,0.270309,في
1.0,0.81,0.389518,البلاد
