conf,end,start,word
0.586317,0.294195,0.03,من
1.0,0.87,0.294195,البلاد
