conf,end,start,word
0.968249,0.24,0.03,في
0.958739,0.9,0.243045,البلاد
