conf,end,start,word
0.994619,0.269586,0.03,إلى
1.0,0.87,0.269586,البلاد
