conf,end,start,word
0.720567,0.314716,0.210353,في
1.0,0.84,0.314716,البلاد
