conf,end,start,word
0.899769,0.352853,0.239931,فِي
1.0,0.81,0.352853,ٱلْبِلَادْ

