conf,end,start,word
0.997295,0.39,0.03,رئيس
0.980717,0.766683,0.39,البلاد
