conf,end,start,word
0.994744,0.39,0.06,رئيس
0.996693,0.779801,0.39,البلاد
