conf,end,start,word
0.991078,0.358773,0.061276,فِي
1.0,0.84,0.358773,ٱلْبِلَادْ

