conf,end,start,word
0.949718,0.352515,0.03,في
1.0,0.81,0.352515,البلاد
