conf,end,start,word
0.59549,0.313079,0.21955,فِي
0.963771,0.75,0.313079,ٱلْبِلَادْ

