conf,end,start,word
0.728583,0.300798,0.039953,فِي
1.0,0.84,0.300798,ٱلْبِلَادْ

