conf,end,start,word
0.994528,0.419488,0.316144,في
1.0,0.78,0.419488,البلاد
0.840014,0.88792,0.78,في
