conf,end,start,word
0.553189,0.329726,0.03028,قُوَّاتِ
1.0,0.810297,0.329726,ٱتَّحَالُفِ
0.936445,1.120358,0.810297,ٱدَّوْلِيّْ

