conf,end,start,word
0.831208,0.297738,0.03,بأن
0.955704,0.869613,0.297738,التحالف
