conf,end,start,word
0.851778,0.312611,0.03,طائرات
1.0,0.81,0.312611,التحالف
0.985421,1.108267,0.81,الدولي
