conf,end,start,word
0.933134,0.322044,0.03,طائرات
1.0,0.84,0.322044,التحالف
0.819632,1.079431,0.84,على
