conf,end,start,word
1.0,0.810026,0.022912,التحالف
0.99709,1.145603,0.810026,الدولي
