conf,end,start,word
0.9957,0.299537,0.03,قوات
1.0,0.780122,0.299537,التحالف
0.983966,1.125003,0.780122,الدولي
