conf,end,start,word
1.0,0.81,0.049171,الجزيرة
0.700709,1.062453,0.81,بأن
