conf,end,start,word
0.992393,0.329593,0.03,قَنَاةِ
1.0,0.78,0.329593,ٱلْجَزِيرَهْ
0.962012,0.93,0.78,فِي
0.449297,1.169457,0.93,قَطَرْ

