conf,end,start,word
1.0,0.900026,0.0,الجزيرة
0.898468,1.026487,0.90008,في
