conf,end,start,word
0.971851,0.39,0.03,مُرَاسِلُ
1.0,0.750113,0.390844,ٱلْجَزِيرَهْ
0.984054,0.930562,0.750113,أَنَّ

