conf,end,start,word
1.0,0.3,0.03,قناة
1.0,0.869989,0.3,الجزيرة
0.871386,0.997871,0.87,في
0.12591,1.14,0.997871,اليمن
