conf,end,start,word
0.629043,0.230184,0.0,أن
1.0,0.87,0.230184,الجزيرة
