conf,end,start,word
0.777903,0.36,0.03,مراسل
1.0,0.78,0.366663,الجزيرة
0.811759,0.998392,0.78,بأن
