conf,end,start,word
0.841977,0.39,0.03,مُرَاسِلُ
1.0,0.78,0.394741,ٱلْجَزِيرَهْ
0.911275,0.9001,0.78,فِي
0.344279,1.168185,0.9001,حَلَبْ

