conf,end,start,word
1.0,0.81113,0.0008,الجزيرة
0.801243,1.011619,0.81113,أن
