conf,end,start,word
1.0,0.36,0.03,مع
1.0,0.811088,0.36,الجزيرة
0.779374,1.070627,0.811088,قال
