conf,end,start,word
0.922794,0.3,0.03,مُرَاسِلُ
1.0,0.84,0.300621,ٱلْجَزِيرَهْ
0.980735,0.959874,0.84,فِي
0.921736,1.139692,0.96,ٱلْيَمَنْ

