conf,end,start,word
1.0,0.966584,0.0,ٱلْجَزِيرَهْ
0.681818,1.024883,0.966584,فِي
0.33098,1.17,1.024883,ٱلْيَمَنْ

