conf,end,start,word
0.802834,0.449334,0.032863,إِنَّ
1.0,0.690127,0.449334,ٱلْجَيْشَ
0.993141,1.07861,0.690127,ٱلْوَطَنِيَّ

