conf,end,start,word
0.994119,0.360023,0.0,أن
0.998646,0.81,0.360023,الجيش
