conf,end,start,word
0.830566,0.312535,0.03,قوات
1.0,0.81,0.312535,الجيش
1.0,1.169777,0.81,الوطني
