conf,end,start,word
0.998575,0.419676,0.03,باسم
1.0,0.75,0.419676,الجيش
0.931905,1.102007,0.75,الوطني
