conf,end,start,word
0.960041,0.326048,0.081459,من
0.998713,0.81,0.326048,الجيش
0.683419,1.153598,0.81,السوري
