conf,end,start,word
0.996451,0.72063,0.0,الجيش
0.882526,1.17,0.72063,الإسرائيلي
