conf,end,start,word
0.999322,0.449946,0.145478,أَنَّ
1.0,0.72,0.449946,ٱلْجَيْشَ
0.851117,1.122763,0.72,ٱلْوَطَنِيَّ

