conf,end,start,word
1.0,0.84,0.080207,الجيش
0.990966,1.139671,0.84,الوطني
