conf,end,start,word
0.978427,0.38994,0.03,قوات
1.0,0.780088,0.38994,الجيش
0.994136,1.169771,0.780088,الوطني
