conf,end,start,word
0.506602,0.26553,0.03,باسم
1.0,0.81,0.26553,الحكومة
0.991174,1.17,0.81,اليمنية
