conf,end,start,word
0.989639,0.810058,0.086102,الحوثي
0.875111,0.93,0.810058,في
0.652598,1.17,0.93,مدينة
