conf,end,start,word
0.438869,0.332828,0.030526,علي
0.861745,0.810793,0.332828,الحوثي
0.687298,0.932277,0.810793,إن
