conf,end,start,word
0.990195,0.78,0.059646,الحوثي
0.830043,1.162126,0.78,وقوات
