conf,end,start,word
0.989758,0.810649,0.0,الحوثي
0.433132,1.102547,0.810649,محمد
