conf,end,start,word
0.997968,0.810322,0.301001,ٱلْحُوثِيّْ
0.964314,1.038313,0.810322,عَلَى

