conf,end,start,word
0.917722,0.236654,0.03,وزير
1.0,0.80989,0.236654,الخارجية
0.554611,1.17,0.87,الأميركية
