conf,end,start,word
1.0,0.900132,0.022016,الخارجية
0.281558,1.17,0.900132,الإيراني
