conf,end,start,word
0.97102,0.268022,0.03,وزارة
1.0,0.84,0.268022,الخارجية
0.993546,1.14,0.84,الأميركية
