conf,end,start,word
0.946064,0.3,0.03,وزير
1.0,0.87014,0.3,الخارجية
0.204646,1.080216,0.87014,التركي
