conf,end,start,word
0.794691,0.27,0.03,وزير
0.999367,0.883613,0.274441,الخارجية
