conf,end,start,word
0.965712,0.33,0.03,وزير
0.724173,0.87,0.33,الخارجية
0.434892,1.17,0.87,الأميركي
