conf,end,start,word
0.861444,0.323423,0.03,وزارة
1.0,0.780082,0.323423,الخارجية
0.952212,1.17,0.780082,السعودية
