conf,end,start,word
0.899609,0.300103,0.03,وَزِيرُ
0.9969,0.840363,0.301523,ٱلْخَارِجِيَّةِ

