conf,end,start,word
0.859841,0.870155,0.0,الخارجية
0.594141,1.17,0.870155,الأميركية
