conf,end,start,word
0.952377,0.266253,0.03,باسم
1.0,0.840282,0.266253,الخارجية
0.732542,1.14,0.840282,الأميركية
