conf,end,start,word
0.513915,0.258819,0.03,وزارة
1.0,0.81,0.258819,الخارجية
0.99433,1.17,0.81,الأميركية
