conf,end,start,word
0.993642,0.33,0.03,وزير
1.0,0.81,0.330099,الخارجية
0.813386,1.17,0.81,الأميركي
