conf,end,start,word
0.802337,0.228952,0.03,وزير
1.0,0.87,0.228952,الخارجية
0.638195,1.17,0.87,الإيراني
