conf,end,start,word
1.0,0.39,0.031432,وزارة
1.0,0.780702,0.39,الدفاع
0.772251,1.17,0.780702,الأميركية
