conf,end,start,word
0.997212,0.33,0.03,وزير
1.0,0.810627,0.33,الدفاع
0.67856,1.17,0.810627,الإسرائيلي
