conf,end,start,word
0.863392,0.39,0.03,وزير
1.0,0.78,0.39,الدفاع
0.953247,1.16279,0.78,الأميركي
