conf,end,start,word
0.609784,0.42,0.030059,وزارة
1.0,0.766169,0.42,الدفاع
