conf,end,start,word
1.0,0.39,0.06,وزير
1.0,0.750089,0.39,الدفاع
0.992745,1.035736,0.750089,التركي
