conf,end,start,word
0.929559,0.321318,0.03,وزارة
1.0,0.81,0.321318,الدفاع
