conf,end,start,word
1.0,0.42,0.03,وزير
1.0,0.720029,0.42,الدفاع
0.958237,1.078846,0.720029,الأميركي
