conf,end,start,word
0.995868,0.42,0.03,وزير
1.0,0.752466,0.42,الدفاع
0.8452,1.17,0.752466,الإسرائيلي
