conf,end,start,word
0.704783,0.344439,0.03,وِزَارَةُ
1.0,0.720203,0.344439,ٱدِّفَاعِ
0.791869,1.06078,0.720203,ٱتُّرْكِيَّهْ

