conf,end,start,word
1.0,0.42,0.030233,وزير
1.0,0.75,0.42,الدفاع
0.972031,1.089323,0.75,الأميركي
