conf,end,start,word
0.996319,0.33,0.03,وزارة
1.0,0.782652,0.33,الدفاع
0.743089,1.17,0.782652,الأميركية
