conf,end,start,word
0.913476,0.359554,0.030384,تنظيم
1.0,0.81,0.359554,الدولة
1.0,1.17,0.81,الإسلامية
