conf,end,start,word
0.598831,0.448342,0.3,أن
0.588555,0.84,0.448342,الدولة
