conf,end,start,word
0.558338,0.289658,0.03,تنظيم
1.0,0.84,0.289658,الدولة
