conf,end,start,word
0.856534,0.315302,0.03,تنظيم
1.0,0.84,0.315302,الدولة
