conf,end,start,word
0.829129,0.30232,0.03,وزير
0.839862,0.809903,0.30232,الدولة
