conf,end,start,word
0.948474,0.323832,0.03,تنظيم
1.0,0.84,0.323832,الدولة
