conf,end,start,word
0.469536,0.326527,0.03,مع
0.888295,0.786224,0.326527,الدولي
