conf,end,start,word
0.963772,0.267959,0.0,الأمن
1.0,0.87,0.267959,الدولي
