conf,end,start,word
0.995038,0.39,0.03,قال
1.0,0.72,0.420108,الرئيس
0.961034,1.166981,0.72,الأميركي
