conf,end,start,word
1.0,0.750893,0.300647,الرئيس
0.90234,1.16969,0.750893,الأميركي
