conf,end,start,word
0.519683,0.419752,0.002444,أن
0.985775,0.690705,0.419752,الرئيس
0.751833,1.105709,0.690705,ترامب
