conf,end,start,word
0.943215,0.419674,0.21,قَالَ
0.998108,0.690067,0.419674,ٱرَّئِيسُ
0.987539,1.077381,0.690067,ٱلْأَمِيرِيكِيُّ

