conf,end,start,word
1.0,0.690757,0.195797,الرئيس
0.844135,1.04389,0.690757,الأميركي
