conf,end,start,word
0.974731,0.78,0.36397,الرئيس
0.979382,1.168343,0.78,الأميركي
