conf,end,start,word
0.386153,0.331772,0.00171,أَنَّ
1.0,0.780033,0.372194,ٱرَّئِيسَ
0.997736,1.169235,0.780033,ٱتُّرْكِيَّ

