conf,end,start,word
0.998371,0.389669,0.03,مع
1.0,0.72,0.389669,الرئيس
0.989032,1.148936,0.72,الأميركي
