conf,end,start,word
1.0,0.810126,0.0,السعودية
0.504445,0.96,0.810126,أن
