conf,end,start,word
0.998655,0.840424,0.0,ٱسُّعُودِيَّهْ
0.87675,0.98663,0.840424,فِي
0.428888,1.14,0.99,ٱلْيَمَنْ

