conf,end,start,word
0.999484,0.81,0.0,السعودية
0.330391,1.078357,0.81,قالت
