conf,end,start,word
0.883196,0.289682,0.06,مع
1.0,0.84,0.289682,السعودية
