conf,end,start,word
1.0,0.87,0.0,السعودية
0.969353,1.015591,0.87,في
0.27072,1.17,1.02,اليمن
