conf,end,start,word
0.99424,0.299425,0.03,إِلَى
1.0,0.84,0.299425,ٱسُّعُودِيَّهْ
0.820851,0.967897,0.84,فِي

