conf,end,start,word
0.527669,0.237334,0.0,أن
0.998055,0.918836,0.237334,السعودية
