conf,end,start,word
0.894803,0.32067,0.095872,عبد
0.993229,0.84,0.32067,السلام
