conf,end,start,word
0.995222,0.330125,0.0,أن
0.988513,0.84,0.330145,السلام
