conf,end,start,word
0.964633,0.75,0.00319,السلام
1.0,1.022624,0.75,عليكم
0.875349,1.17,1.022624,ورحمة
