conf,end,start,word
0.998751,0.299875,0.060261,عَبْدِ
1.0,0.780326,0.299875,ٱسَّلَامْ

