conf,end,start,word
0.992841,0.78,0.004881,السلام
1.0,1.032417,0.78,عليكم
0.571795,1.17,1.032417,ورحمة
