conf,end,start,word
0.991889,0.75,0.420353,ٱسَّلَامُ
0.969711,1.079202,0.75,عَلَيْكُمْ

