conf,end,start,word
0.971587,0.724253,0.080348,السلام
0.315026,1.105646,0.724253,الأميركي
