conf,end,start,word
0.993989,0.72,0.423431,السلام
1.0,1.075317,0.72,عليكم
