conf,end,start,word
0.995746,0.78,0.005847,السلام
1.0,1.107011,0.78,عليكم
