conf,end,start,word
0.853445,0.72,0.0,السلام
1.0,1.023008,0.72,عليكم
0.84651,1.17,1.023008,ورحمة
