conf,end,start,word
0.992006,0.810289,0.102729,السلام
0.963316,0.997852,0.810289,مع
