conf,end,start,word
0.909121,0.42,0.030415,قطر
0.989989,0.75,0.42,السلام
1.0,1.14,0.75,عليكم
