conf,end,start,word
1.0,0.810012,0.02041,ٱسَّلَامِ
0.998074,1.011963,0.810012,مَعَ

