conf,end,start,word
0.431258,0.319346,0.0,المعارضة
0.958802,0.81,0.319346,السورية
