conf,end,start,word
1.0,0.871644,0.0,الشعبية
0.785017,1.169869,0.871644,في
