conf,end,start,word
0.958133,0.81037,0.053355,الشعبية
0.890034,0.958638,0.81037,في
