conf,end,start,word
0.998453,0.87,0.003449,الشعبية
0.80986,0.989653,0.87,من
