conf,end,start,word
0.508791,0.84,0.001774,ٱشَّعْبِيَّهْ
0.998128,0.93,0.84,فِي
0.988639,1.139692,0.93,ٱلْيَمَنْ

