conf,end,start,word
1.0,0.9001,0.0,الشعبية
0.964546,1.029952,0.9001,في
