conf,end,start,word
0.983908,0.84,0.0,الشعبية
0.862735,0.971833,0.84,في
