conf,end,start,word
0.998143,0.810776,0.0,ٱشَّعْبِيَّهْ
0.778941,0.921309,0.810776,فِي

