conf,end,start,word
1.0,0.81,0.065329,الشعبية
1.0,0.9,0.81,في
0.995144,1.136965,0.9,اليمن
