conf,end,start,word
1.0,0.810052,0.0,الشعبية
0.988885,0.960085,0.810052,في
0.845891,1.14,0.960085,اليمن
