conf,end,start,word
0.954074,0.84015,0.0,الشعبية
0.971394,1.031144,0.84015,في
