conf,end,start,word
0.746122,0.81,0.028952,الشعبية
0.916214,0.991162,0.811755,في
