conf,end,start,word
0.990193,0.889115,0.013761,الشعبية
0.608359,0.990108,0.9,من
