conf,end,start,word
0.990094,0.81,0.0,الشعبية
0.824272,0.906572,0.81,في
