conf,end,start,word
0.752043,0.84,0.306496,الشعبية
0.77089,1.167098,0.84,اليمنية
