conf,end,start,word
0.567604,0.301312,0.0,المقاومة
0.999314,0.78,0.301312,الشعبية
0.986779,1.132717,0.78,اليمنية
