conf,end,start,word
0.97102,0.81,0.3,الشعبية
0.947901,0.939983,0.81,في
