conf,end,start,word
0.991085,0.846906,0.001039,العراق
