conf,end,start,word
0.993442,0.269456,0.03,من
1.0,0.81,0.269456,العراق
