conf,end,start,word
0.932707,0.325729,0.210411,فِي
1.0,0.81,0.325729,ٱلْعِرَاقْ

