conf,end,start,word
0.993058,0.299332,0.03,في
1.0,0.87,0.299332,العراق
