conf,end,start,word
0.987212,0.29933,0.15,في
1.0,0.87,0.29933,العراق
