conf,end,start,word
0.947557,0.384526,0.24,في
1.0,0.78,0.384526,العراق
