conf,end,start,word
0.927497,0.383583,0.27,في
1.0,0.760685,0.383583,العراق
