conf,end,start,word
0.968017,0.41756,0.24,في
1.0,1.11,0.41756,العراق
