conf,end,start,word
0.995175,0.42,0.3,في
0.997509,0.830375,0.42,العراق
