conf,end,start,word
0.98663,0.418639,0.3,فِي
0.998917,0.750054,0.418639,ٱلْعِرَاقْ
0.902746,0.9,0.750054,إِنَّ

