conf,end,start,word
0.692118,0.308946,0.030187,فِي
0.842484,0.81,0.308946,ٱلْعِرَاقْ

