conf,end,start,word
0.645526,0.32406,0.233197,في
0.996539,0.78,0.32406,العراق
