conf,end,start,word
0.990272,0.239438,0.03,في
1.0,0.9,0.239438,العراق
