conf,end,start,word
0.992527,0.359235,0.18,في
1.0,0.810231,0.359235,العراق
0.57844,1.10582,0.84,قال
