conf,end,start,word
1.0,0.42,0.3,فِي
1.0,0.751977,0.42,ٱلْعِرَاقْ
0.851044,0.994488,0.78,قَالَتْ
0.27903,1.17,0.994488,مَصَادِرُ

