conf,end,start,word
0.95163,0.326556,0.18,فِي
1.0,0.84,0.326556,ٱلْعِرَاقْ
0.664316,1.158948,0.87,قَالَ

