conf,end,start,word
0.982277,0.388771,0.21,في
1.0,0.78,0.388771,العراق
0.471259,1.071072,0.81,قالت
