conf,end,start,word
0.881794,0.261811,0.03,فِي
0.990665,0.87,0.261811,ٱلْعِرَاقْ

