conf,end,start,word
1.0,0.42,0.3,في
1.0,0.754623,0.42,العراق
0.797312,1.018932,0.78,قالت
