conf,end,start,word
0.954696,0.326989,0.210638,في
1.0,0.780201,0.326989,العراق
