conf,end,start,word
0.998826,0.870432,0.0055,ٱلْعِرَاقِيَّهْ
0.526956,0.989828,0.870432,أَنَّ

