conf,end,start,word
0.883191,0.239474,0.0,الأمن
0.983544,0.87,0.239474,العراقية
