conf,end,start,word
0.684737,0.354217,0.0,الدفاع
0.996222,0.84,0.354217,العراقية
0.699212,0.991437,0.84,إن
