conf,end,start,word
0.737658,0.302167,0.0,الدفاع
1.0,0.84,0.302167,العراقية
0.771671,0.990553,0.84,إن
