conf,end,start,word
0.899428,0.239907,0.0,الأمن
0.788659,0.87,0.239907,العراقية
