conf,end,start,word
0.684496,0.3856,0.211235,إلى
0.991023,0.78,0.3856,اللقاء
