conf,end,start,word
0.817159,0.418301,0.269482,إِلَى
1.0,0.75,0.418301,ٱلِّقَاءْ

