conf,end,start,word
0.951037,0.413397,0.24,إلى
1.0,0.78,0.413397,اللقاء
