conf,end,start,word
0.995218,0.269644,0.03,إلى
1.0,0.9,0.269644,اللقاء
