conf,end,start,word
0.960652,0.418971,0.33,إلى
1.0,0.72,0.418971,اللقاء
