conf,end,start,word
0.358196,0.418478,0.33,إِلَى
0.439757,0.75,0.418478,ٱلِّقَاءْ

