conf,end,start,word
0.995455,0.36071,0.09,إِلَى
0.927669,0.78,0.36071,ٱلِّقَاءْ

