conf,end,start,word
0.947516,0.389603,0.24,إلى
1.0,0.78,0.389603,اللقاء
