conf,end,start,word
0.975002,0.33,0.03,علي
1.0,0.51,0.33,عبد
0.885916,0.63,0.51,الله
1.0,1.11,0.63,صالح
