conf,end,start,word
1.0,0.27,0.03,علي
1.0,0.48,0.27,عبد
0.925606,0.62926,0.48,الله
1.0,0.93,0.62926,صالح
