conf,end,start,word
1.0,0.33,0.03,علي
1.0,0.51,0.33,عبد
0.965194,0.63,0.51,الله
1.0,0.98799,0.63,صالح
