conf,end,start,word
1.0,0.36,0.031039,علي
1.0,0.51,0.36,عبد
0.871102,0.66,0.51,الله
1.0,0.960245,0.66,صالح
