conf,end,start,word
0.969362,0.3,0.03,علي
1.0,0.51,0.3,عبد
0.954251,0.66,0.51,الله
1.0,0.999025,0.66,صالح
