conf,end,start,word
1.0,0.33,0.03,علي
1.0,0.51,0.33,عبد
0.899631,0.66,0.51,الله
1.0,0.986883,0.66,صالح
