conf,end,start,word
0.880086,0.233258,0.0,الأمم
0.992677,0.869813,0.233258,المتحدة
