conf,end,start,word
0.987386,0.239225,0.0,الأمم
1.0,0.934209,0.239225,المتحدة
