conf,end,start,word
0.910844,0.236154,0.0,ٱلْأُمَمِ
0.997057,0.879399,0.236154,ٱلْمُتَّحِدَهْ

