conf,end,start,word
0.812517,0.282098,0.0,الولايات
0.995336,0.868296,0.282098,المتحدة
