conf,end,start,word
0.873184,0.87,0.092109,المتحدة
0.743261,1.035327,0.87,في
