conf,end,start,word
0.66043,0.22847,0.0,الأمم
0.998222,0.9,0.22847,المتحدة
