conf,end,start,word
0.589126,0.269806,0.0,ٱلْأُمَمِ
1.0,0.84,0.269806,ٱلْمُتَّحِدَهْ
0.9858,1.049235,0.84,عَبْدَ
0.727416,1.17,1.05,ٱلَّهْ

