conf,end,start,word
0.977759,0.3,0.0,الولايات
1.0,0.78,0.3,المتحدة
0.996511,0.930233,0.78,مع
0.438915,1.14,0.930233,قطر
