conf,end,start,word
1.0,0.33,0.0,الأمم
1.0,0.81,0.33,المتحدة
0.547878,1.006299,0.81,إلى
0.308548,1.17,1.02,ليبيا
