conf,end,start,word
0.891379,0.268957,0.0,الولايات
1.0,0.84,0.268957,المتحدة
0.919811,1.016601,0.84,على
