conf,end,start,word
0.996737,0.93,0.001238,ٱلْمُتَحَدِّثُ
0.84831,1.166705,0.931048,بِسْمِ

