conf,end,start,word
0.996619,0.93,0.012775,ٱلْمُتَحَدِّثُ
0.922963,1.167734,0.93011,بِسْمِ

