conf,end,start,word
0.995598,0.96002,0.0,المتحدث
0.805844,1.108299,0.96002,باسم
