conf,end,start,word
0.73483,0.96,0.0,المتحدث
0.732366,1.11,0.964806,باسم
