conf,end,start,word
0.954949,0.294432,0.03,قال
0.589759,0.87,0.294432,المتحدث
0.840364,1.14,0.870106,باسم
