conf,end,start,word
0.912612,0.919773,0.059374,المتحدث
0.59737,1.16866,0.93163,باسم
