conf,end,start,word
0.991697,0.84,0.003047,ٱلْمُتَحَدِّثُ
0.989711,1.152178,0.840503,بِسْمِ

