conf,end,start,word
0.984355,0.889718,0.0,المتحدث
0.661695,1.168502,0.90266,باسم
