conf,end,start,word
0.94052,0.87,0.004354,ٱلْمُتَحَدِّثُ
0.970549,1.169576,0.871422,بِسْمِ

