conf,end,start,word
1.0,0.900218,0.0,المتحدث
0.880357,1.169654,0.900218,باسم
