conf,end,start,word
0.995075,0.87,0.0,المتحدث
0.99493,1.169233,0.870148,باسم
