conf,end,start,word
0.991334,0.9,0.03084,المتحدث
0.947643,1.08,0.900091,باسم
