conf,end,start,word
1.0,0.87,0.106933,المتحدث
0.969261,1.167792,0.87,باسم
