conf,end,start,word
1.0,0.899925,0.004906,المتحدث
0.94118,1.168151,0.9,باسم
