conf,end,start,word
0.979167,0.87,0.0,المتحدث
0.941353,1.17,0.870878,باسم
