conf,end,start,word
0.973545,0.87,0.084842,ٱلْمُتَحَدِّثُ
0.995459,1.168898,0.870797,بِسْمِ

