conf,end,start,word
0.878744,0.84,0.002337,ٱلْمُتَحَدِّثُ
0.97245,1.055715,0.843182,بِسْمِ

