conf,end,start,word
0.975218,0.84,0.3,المتحدث
0.996378,1.14,0.841005,باسم
