conf,end,start,word
0.766434,0.259073,0.03,قال
1.0,0.87,0.259073,المتحدث
0.995005,1.17,0.87,باسم
