conf,end,start,word
0.995374,0.9,0.27,المتحدث
0.944111,1.164504,0.900147,باسم
