conf,end,start,word
0.948944,0.9,0.004372,المتحدث
0.976081,1.16937,0.901682,باسم
