conf,end,start,word
0.986972,0.298703,0.03,قال
1.0,0.84,0.298703,المتحدث
0.985509,1.106745,0.84,باسم
