conf,end,start,word
0.650476,0.959695,0.81,إلى
0.689687,1.14,0.959695,اللقاء
