conf,end,start,word
1.0,0.870004,0.0,المعارضة
0.752896,1.009342,0.870004,من
