conf,end,start,word
0.981098,0.299607,0.0,أن
1.0,0.87,0.299607,المعارضة
0.993077,1.16976,0.87,السورية
