conf,end,start,word
0.774055,0.254274,0.03,مع
1.0,0.9,0.254274,المعارضة
0.995331,1.17,0.9,السورية
