conf,end,start,word
0.998365,0.840563,0.003132,ٱلْمُعَارَضَهْ
0.870375,0.988892,0.840563,فِي
0.549652,1.17,0.99,حَلَبْ

