conf,end,start,word
0.996162,0.29963,0.03,من
1.0,0.87,0.29963,المعارضة
1.0,1.139872,0.87,السورية
