conf,end,start,word
0.994369,0.81,0.273082,المعارضة
1.0,0.93,0.81,في
0.980796,1.14,0.93,البلاد
