conf,end,start,word
0.980533,0.930026,0.0,المعارضة
0.493189,1.17,0.930026,السورية
