conf,end,start,word
0.800534,0.282508,0.03,قالت
1.0,0.81,0.282508,المعارضة
1.0,1.139774,0.81,السورية
