conf,end,start,word
0.99824,0.329793,0.03,مع
1.0,0.87,0.329793,المعارضة
0.993045,1.14,0.87,السورية
