conf,end,start,word
0.526033,0.247198,0.0,أن
1.0,0.9,0.247198,المعارضة
0.96401,1.16935,0.9,السورية
