conf,end,start,word
0.736214,0.354724,0.035285,قوات
1.0,0.81,0.354724,المعارضة
1.0,1.095829,0.81,السورية
