conf,end,start,word
0.99713,0.299703,0.0,أن
1.0,0.87,0.299703,المعارضة
0.979377,1.16959,0.87,السورية
