conf,end,start,word
0.950498,0.324541,0.03,قالت
1.0,0.84,0.324541,المعارضة
1.0,1.097714,0.84,السورية
