conf,end,start,word
0.909498,0.319643,0.030346,قوات
1.0,0.81,0.319643,المعارضة
1.0,1.107164,0.81,السورية
