conf,end,start,word
0.83538,0.329386,0.0,أن
0.990526,0.84,0.329386,المقاومة
1.0,1.17,0.84,الشعبية
