conf,end,start,word
0.519991,0.328108,0.03,بأن
1.0,0.84,0.328108,المقاومة
1.0,1.162384,0.84,الشعبية
