conf,end,start,word
0.55334,0.240294,0.03,في
0.987176,0.87,0.240294,المقاومة
1.0,1.14,0.87,الشعبية
