conf,end,start,word
0.997201,0.2997,0.0,أن
1.0,0.84,0.2997,المقاومة
1.0,1.169774,0.84,الشعبية
