conf,end,start,word
0.994058,0.239668,0.03,من
1.0,0.93,0.239668,المقاومة
0.98606,1.17,0.93,الشعبية
