conf,end,start,word
0.882206,0.343473,0.036351,من
1.0,0.81,0.343473,المقاومة
1.0,1.169697,0.81,الشعبية
