conf,end,start,word
0.997145,0.930047,0.025215,المقاومة
0.977624,1.17,0.930047,الشعبية
