conf,end,start,word
0.964604,0.238099,0.03,في
1.0,0.96,0.238099,المقاومة
