conf,end,start,word
0.988311,0.87,0.198154,المقاومة
0.999139,1.169713,0.87,الشعبية
