conf,end,start,word
0.926486,0.238058,0.000506,أَنَّ
1.0,0.9,0.238058,ٱلْمُقَاوَمَةَ
0.99697,1.169607,0.9,ٱشَّعْبِيَّةَ

