conf,end,start,word
0.967419,0.898367,0.006534,المقاومة
0.466697,1.166933,0.9,الشعبية
