conf,end,start,word
0.932688,0.9,0.003614,المقاومة
0.992597,1.169641,0.9,الشعبية
