conf,end,start,word
0.947553,0.266021,0.03,مع
1.0,0.87,0.266021,المقاومة
1.0,1.169504,0.87,الشعبية
