conf,end,start,word
0.996775,0.26973,0.0,أَنَّ
1.0,0.868482,0.26973,ٱلْمُقَاوَمَةَ
0.395957,1.169657,0.9,ٱشَّعْبِيَّةَ

