conf,end,start,word
0.863041,0.237564,0.000505,أَنَّ
1.0,0.900279,0.237564,ٱلْمُقَاوَمَةَ
0.938916,1.17,0.900279,ٱشَّعْبِيَّةَ

