conf,end,start,word
0.979975,0.23965,0.0,أن
1.0,0.899805,0.23965,المقاومة
0.993515,1.169286,0.9,الشعبية
