conf,end,start,word
0.824994,0.364335,0.15,مع
1.0,0.72,0.364335,النظام
1.0,1.17,0.72,السوري
