conf,end,start,word
0.909382,0.359929,0.03,قُوَّاتِ
0.9757,0.75,0.359929,ٱنِّظَامْ

