conf,end,start,word
0.972821,0.809908,0.372371,ٱنِّظَامِ
0.812298,1.163202,0.84,ٱسُّورِيّْ

