conf,end,start,word
0.477801,0.302777,0.031246,قُوَّاتِ
0.998367,0.84,0.302777,ٱنِّظَامْ

