conf,end,start,word
0.9971,0.299687,0.03,مع
1.0,0.78,0.299687,النظام
