conf,end,start,word
0.996244,0.389269,0.03,قوات
1.0,0.75,0.389269,النظام
1.0,1.090815,0.75,السوري
