conf,end,start,word
1.0,0.750009,0.100794,ٱنِّظَامِ
0.99792,1.084167,0.750009,ٱسُّورِيّْ

