conf,end,start,word
0.895698,0.356615,0.030442,قُوَّاتِ
1.0,0.84,0.356615,ٱنِّظَامْ

