conf,end,start,word
0.461819,0.359231,0.03,قُوَّاتِ
0.994055,0.77948,0.359231,ٱنِّظَامْ

