conf,end,start,word
0.926671,0.328414,0.03,قوات
1.0,0.84,0.328414,النظام
