conf,end,start,word
0.984704,0.389532,0.03,قوات
1.0,0.78,0.389532,النظام
1.0,1.122643,0.78,السوري
