conf,end,start,word
0.989182,0.359726,0.03,طائرات
1.0,0.810024,0.359726,النظام
0.945372,1.160036,0.810024,السوري
