conf,end,start,word
0.943502,0.352169,0.03,قوات
0.999293,0.81,0.352169,النظام
