conf,end,start,word
0.875573,0.325411,0.03,قوات
1.0,0.87,0.325411,النظام
