conf,end,start,word
0.754427,0.339384,0.03,طَائِرَاتِ
0.987059,0.81,0.339384,ٱنِّظَامِ
0.330234,1.107875,0.81,عَلَى

