conf,end,start,word
0.957033,0.389209,0.030337,قوات
1.0,0.75,0.389209,النظام
1.0,1.16936,0.75,السوري
