conf,end,start,word
0.992309,0.391747,0.03,تْرَامْبْ
0.878504,0.72,0.391747,ٱنِّظَامَ
1.0,1.131418,0.72,ٱلْإِيرَانِيَّ

