conf,end,start,word
0.955569,0.383463,0.030534,قوات
1.0,0.78,0.383463,النظام
0.997006,1.136772,0.78,السوري
