conf,end,start,word
0.708861,0.287865,0.03,قوات
1.0,0.87,0.287865,النظام
