conf,end,start,word
0.998787,0.84,0.001591,ٱلْوُزَرَاءِ
0.806854,0.977944,0.84,مِنْ

