conf,end,start,word
0.584929,0.29967,0.03,رئيس
1.0,0.840774,0.29967,الوزراء
0.89467,1.17,0.840774,الإسرائيلي
