conf,end,start,word
0.991759,0.39,0.06,رئيس
1.0,0.75,0.39,الوزراء
0.993306,1.048328,0.75,التركي
