conf,end,start,word
0.948155,0.36,0.030805,رئيس
1.0,0.78093,0.36,الوزراء
0.935454,1.17,0.78093,الإسرائيلي
