conf,end,start,word
0.970201,0.809756,0.001441,الوطني
