conf,end,start,word
0.997149,0.3,0.0,الجيش
1.0,0.81,0.3,الوطني
0.877578,0.947907,0.81,في
