conf,end,start,word
0.572421,0.217408,0.0,الجيش
1.0,0.87,0.217408,الوطني
