conf,end,start,word
0.922202,0.36,0.0,الجيش
1.0,0.81,0.36,الوطني
0.924921,1.000138,0.81,على
