conf,end,start,word
1.0,0.33,0.0,الأمن
1.0,0.810057,0.33,الوطني
0.994881,1.091623,0.810057,السوري
