conf,end,start,word
0.278325,0.346437,0.036983,فِي
0.991497,0.78,0.346437,ٱلْوِلَايَاتِ
1.0,1.13972,0.78,ٱلْمُتَّحِدَهْ

