conf,end,start,word
0.98062,0.238844,0.03,من
1.0,0.87,0.238844,الولايات
0.85287,1.17,0.96,المتحدة
