conf,end,start,word
0.641748,0.325922,0.03,من
1.0,0.81,0.325922,الولايات
1.0,1.16368,0.81,المتحدة
