conf,end,start,word
0.886323,0.411429,0.330558,في
1.0,0.75,0.411429,الولايات
1.0,1.107412,0.75,المتحدة
