conf,end,start,word
0.535918,0.33,0.03,بأن
1.0,0.75,0.330075,الولايات
1.0,1.158847,0.75,المتحدة
