conf,end,start,word
0.836942,0.329835,0.184066,إِنَّ
1.0,0.75,0.329835,ٱلْوِلَايَاتْ
1.0,1.160479,0.81,ٱلْمُتَّحِدْ

