conf,end,start,word
0.597518,0.384015,0.270799,فِي
0.988923,0.72,0.384015,ٱلْوِلَايَاتِ
1.0,1.139743,0.72,ٱلْمُتَّحِدَهْ

