conf,end,start,word
0.840716,0.27,0.000619,أن
1.0,0.81,0.27,الولايات
1.0,1.168033,0.81,المتحدة
