conf,end,start,word
0.93325,0.416657,0.24,إلى
0.994169,0.75,0.416657,الولايات
1.0,1.166028,0.75,المتحدة
