conf,end,start,word
0.684488,0.360123,0.228639,فِي
1.0,0.75,0.360123,ٱلْوِلَايَاتِ
1.0,1.165812,0.75,ٱلْمُتَّحِدَهْ

