conf,end,start,word
0.994181,0.389558,0.032143,إلى
0.996447,0.75,0.389558,الولايات
1.0,1.166409,0.75,المتحدة
