conf,end,start,word
0.617238,0.300454,0.224646,في
0.989139,0.72,0.300454,اليمن
