conf,end,start,word
0.663328,0.355272,0.21091,فِي
0.985599,0.809881,0.355272,ٱلْيَمَنْ

