conf,end,start,word
0.998781,0.42,0.24,في
0.998781,0.749528,0.42,اليمن
0.892031,0.997572,0.75,قال
