conf,end,start,word
0.788212,0.345251,0.248179,في
1.0,0.75,0.345251,اليمن
