conf,end,start,word
0.902643,0.41714,0.24128,فِي
1.0,0.78,0.41714,ٱلْيَمَنْ

