conf,end,start,word
0.632313,0.332889,0.21,فِي
1.0,0.81,0.332889,ٱلْيَمَنْ

