conf,end,start,word
0.487843,0.313583,0.0,الجزيرة
0.930749,0.419002,0.313583,في
0.975535,0.75,0.419002,اليمن
