conf,end,start,word
0.979525,0.388425,0.15,إِلَى
0.989584,0.75,0.388425,ٱلْيَمَنْ

