conf,end,start,word
0.830869,0.321929,0.187213,عَلَى
0.994184,0.84,0.321929,ٱلْيَمَنِ

