conf,end,start,word
0.983984,0.298531,0.06,في
1.0,0.84,0.298531,اليمن
