conf,end,start,word
0.839413,0.342009,0.24,في
0.997015,0.81,0.342009,اليمن
