conf,end,start,word
0.673377,0.409807,0.035425,إلى
0.976819,0.72,0.409807,اليمن
0.754827,0.961745,0.720062,إن
