conf,end,start,word
0.972375,0.357068,0.18022,في
1.0,0.78,0.357068,اليمن
