conf,end,start,word
0.709385,0.413342,0.287568,في
0.998655,0.78,0.413342,اليمن
