conf,end,start,word
0.957544,0.419448,0.315608,في
0.995867,0.75,0.419448,اليمن
0.464817,0.98635,0.75,بأن
