conf,end,start,word
0.982992,0.357331,0.030673,في
1.0,0.78,0.357331,اليمن
