conf,end,start,word
0.715829,0.377574,0.254735,فِي
0.995558,0.78,0.377574,ٱلْيَمَنْ

