conf,end,start,word
0.888028,0.380036,0.270195,في
0.999598,0.750034,0.380036,اليمن
0.857858,0.99807,0.750034,أن
