conf,end,start,word
0.962692,0.419656,0.33,فِي
0.989242,0.75,0.419656,ٱلْيَمَنْ
0.354077,1.082812,0.75,قُتِلُو

