conf,end,start,word
0.805167,0.721384,0.173077,ٱلْيَمَنْ
0.661887,0.982982,0.721384,بِأَنَّ

