conf,end,start,word
0.985191,0.9,0.003902,ٱلْيَمَنِيَّهْ
0.795171,1.017245,0.9,فِي

