conf,end,start,word
0.99367,0.84,0.0,اليمنية
0.651335,1.001382,0.84,أن
