conf,end,start,word
0.527919,1.074035,0.78746,قال
