conf,end,start,word
0.953521,0.294985,0.0,الحكومة
1.0,0.794314,0.294985,اليمنية
