conf,end,start,word
0.998223,0.81,0.274256,ٱلْيَمَنِيَّهْ
0.880585,0.960563,0.81,فِي

