conf,end,start,word
0.883208,0.42,0.0,السعودية
0.99261,0.69,0.42,بأن
0.751662,1.137757,0.69,التحالف
