conf,end,start,word
0.918642,0.420052,0.0,السعودية
0.993662,0.69,0.420052,بأن
0.716097,1.100305,0.69,التحالف
