conf,end,start,word
0.646014,0.721508,0.45,بأن
0.522195,1.157132,0.721508,المقاومة
