conf,end,start,word
0.855212,0.75,0.39783,بأن
0.882319,1.169718,0.75,قوات
