conf,end,start,word
1.0,0.48,0.000815,ٱلْيَمَنْ
0.916083,0.719914,0.48,بِأَنَّ
0.835589,1.166819,0.719914,ٱلْمُقَاوَمَةَ

