conf,end,start,word
1.0,0.48,0.0,اليمن
0.979138,0.72,0.48,بأن
0.879449,1.020593,0.72,قوات
