conf,end,start,word
0.677983,0.45,0.0,ٱلْجَزِيرَهْ
0.925928,0.69,0.45,بِأَنَّ
0.660932,1.051383,0.692793,طَائِرَاتْ

