conf,end,start,word
0.314689,0.42,0.0,المتحدث
0.916977,0.72,0.428321,باسم
0.981197,1.08,0.721964,وزارة
