conf,end,start,word
0.967683,0.839596,0.35953,بِسْمِ
0.954647,1.17,0.84,وِزَارَةِ

