conf,end,start,word
0.351247,0.39,0.0,المتحدث
1.0,0.69,0.395193,باسم
1.0,0.993745,0.69,وزارة
0.69815,1.17,0.993745,الدفاع
