conf,end,start,word
0.307369,0.42,0.0,المتحدث
0.996239,0.69,0.434889,باسم
1.0,1.10422,0.690113,وزارة
