conf,end,start,word
0.759875,0.45,0.0,المتحدث
1.0,0.690597,0.457147,باسم
0.968829,1.102588,0.690597,الخارجية
