conf,end,start,word
0.373986,0.42,0.0,ٱلْمُتَحَدِّثُ
0.994382,0.690028,0.440639,بِسْمِ
0.992853,1.062625,0.690028,ٱلْخَارِجِيَّةْ

