conf,end,start,word
0.443328,0.45,0.0,المتحدث
1.0,0.69,0.451352,باسم
1.0,1.101329,0.69,وزارة
