conf,end,start,word
0.995298,0.42,0.0,أَهْلً
0.993489,0.655331,0.42,بِكُمْ
0.677905,0.813969,0.66,إِلَى
0.186,1.17,1.02,ٱلْأَمْنِ

