conf,end,start,word
0.88187,0.3,0.0,أهلا
1.0,0.81,0.33,بكم
0.787514,1.109598,0.84,إلى
