conf,end,start,word
0.996853,0.39,0.0,أهلا
0.996853,0.684929,0.39,بكم
0.77722,0.958451,0.69,إلى
