conf,end,start,word
1.0,0.42,0.0,أهلا
0.999476,0.69,0.45,بكم
0.956212,0.869717,0.69,إلى
0.137868,1.12557,0.87,مجلس
