conf,end,start,word
0.996001,0.42,0.0,أهلا
0.994571,0.69,0.42,بكم
0.541959,0.84025,0.69,إلى
