conf,end,start,word
1.0,0.45,0.0,أَهْلً
0.997994,0.66,0.45,بِكُمْ
0.902508,0.800652,0.660123,إِلَى

