conf,end,start,word
0.995496,0.42,0.12,أهلا
0.981327,0.72,0.42,بكم
