conf,end,start,word
1.0,0.36,0.0,أهلا
1.0,0.75,0.36,بكم
0.809332,1.044691,0.78,قال
