conf,end,start,word
1.0,0.45,0.18,أَهْلً
0.997594,0.72,0.45,بِكُمْ
0.929339,0.871075,0.72,إِلَى

