conf,end,start,word
0.999117,0.45,0.24,أهلا
0.988939,0.72,0.45,بكم
