conf,end,start,word
0.999354,0.48,0.24,أهلا
0.994461,0.69,0.48,بكم
