conf,end,start,word
0.999831,0.45,0.21,أهلا
0.998337,0.72,0.45,بكم
0.852153,0.87035,0.72,إلى
