conf,end,start,word
0.989663,0.45,0.0,أهلا
0.999509,0.72,0.45,بكم
0.840234,0.983195,0.72,إلى
