conf,end,start,word
0.998158,0.36,0.03,من
1.0,0.81,0.36,تنظيم
0.99028,1.105539,0.81,الدولة
