conf,end,start,word
0.987384,0.33,0.032597,عَلَى
0.996301,0.78,0.33,تَنْظِيمِ
1.0,1.101681,0.78,ٱدَّوْلَةِ

