conf,end,start,word
1.0,0.39,0.03,مواقع
1.0,0.75,0.39,تنظيم
1.0,1.018778,0.75,الدولة
0.771119,1.077143,1.018778,في
