conf,end,start,word
0.963989,0.389482,0.03,من
1.0,0.78,0.389482,تنظيم
1.0,1.16963,0.78,الدولة
