conf,end,start,word
0.99472,0.389927,0.03,على
1.0,0.81,0.389927,تنظيم
1.0,1.149599,0.81,الدولة
