conf,end,start,word
0.706605,0.39,0.03,مواقع
0.998062,0.75,0.390721,تنظيم
1.0,1.060376,0.75,الدولة
