conf,end,start,word
0.965805,0.449183,0.27,من
1.0,0.72,0.449183,تنظيم
1.0,1.14,0.72,الدولة
