conf,end,start,word
0.969801,0.236149,0.03,مِنْ
0.994821,0.419944,0.236149,أَنَّ
1.0,0.75,0.419944,تَنْظِيمَ
0.970041,1.022906,0.75,ٱدَّوْلَةِ

