conf,end,start,word
0.994149,0.39,0.0,أن
1.0,0.780068,0.39,تنظيم
0.994945,1.095819,0.780068,الدولة
