conf,end,start,word
0.996725,0.328963,0.0,أن
0.965534,0.810068,0.330102,تنظيم
0.970092,1.091605,0.810068,الدولة
