conf,end,start,word
0.144661,0.39,0.0,السوري
0.992856,0.75,0.405393,تنظيم
1.0,1.095227,0.75,الدولة
