conf,end,start,word
1.0,0.810051,0.330316,تَنْظِيمِ
0.995358,1.088882,0.810051,ٱدَّوْلَهْ

