conf,end,start,word
0.907342,0.389596,0.210953,مِنْ
1.0,0.75,0.389596,تَنْظِيمِ
1.0,1.11,0.75,ٱدَّوْلَةِ

