conf,end,start,word
1.0,0.39,0.030899,عَلَى
1.0,0.780031,0.39,تَنْظِيمِ
0.997703,1.102677,0.780031,ٱدَّوْلَةِ

