conf,end,start,word
0.963519,0.780145,0.360053,تنظيم
0.987679,1.075505,0.780145,الدولة
