conf,end,start,word
1.0,0.42,0.030595,في
1.0,0.75,0.42,تنظيم
0.997319,1.021414,0.75,الدولة
