conf,end,start,word
1.0,0.39,0.03,مع
1.0,0.780089,0.39,تنظيم
0.993149,1.075186,0.780089,الدولة
