conf,end,start,word
0.991876,0.36,0.041945,من
1.0,0.78,0.36,تنظيم
1.0,1.167694,0.78,الدولة
