conf,end,start,word
0.991405,0.750024,0.42,تنظيم
0.998233,1.01758,0.750024,الدولة
