conf,end,start,word
0.528309,0.87,0.361181,تنظيم
0.563438,1.14,0.9,الدولة
