conf,end,start,word
1.0,0.3,0.03,من
0.998213,0.78,0.33,جهته
0.827358,1.019792,0.81,قال
