conf,end,start,word
0.860662,0.39,0.27,مِنْ
0.888513,0.75,0.39,جِهَتِهِ
0.875898,1.007766,0.78,قَالَ

