conf,end,start,word
0.71711,0.39,0.24,مِنْ
0.533125,0.75,0.39,جِهَتِهِ
0.725647,0.991387,0.78,قَالَ

