conf,end,start,word
0.887482,0.36,0.24,مِنْ
0.875138,0.75,0.36,جِهَتِهِ
0.873869,1.00122,0.78,قَالَ

