conf,end,start,word
0.987442,0.36,0.21,مِنْ
0.978907,0.72,0.36,جِهَتِهِ
0.964465,0.969882,0.75,قَالَ

