conf,end,start,word
0.97408,0.33,0.18,مِنْ
1.0,0.81657,0.33,جِهَتِهِ
0.709457,1.045598,0.84,قَالَ

