conf,end,start,word
0.860345,0.39,0.27,من
0.968675,0.72,0.39,جهته
0.929842,0.962206,0.75,قال
