conf,end,start,word
0.996695,0.389971,0.24,مِنْ
0.995594,0.754705,0.389971,جِهَتِهِ

