conf,end,start,word
0.997465,0.36,0.06,من
1.0,0.78,0.36,جهته
1.0,1.139205,0.81,قال
