conf,end,start,word
0.684572,0.299904,0.21,من
0.994257,0.81,0.299904,جهته
1.0,1.139912,0.84,قال
