conf,end,start,word
0.979848,0.36,0.15,مِنْ
0.936171,0.78,0.36,جِهَتِهِ
0.839617,1.066323,0.81,قَالَ

