conf,end,start,word
0.910841,0.36,0.21,من
0.988384,0.722016,0.36,جهته
0.844262,0.929375,0.75,قال
0.328321,1.109412,0.929375,الرئيس
