conf,end,start,word
0.799648,0.39,0.3,مِنْ
0.997349,0.75,0.39,جِهَتِهِ
0.996005,0.990149,0.78,قَالَ

