conf,end,start,word
0.765653,0.419914,0.33,مِنْ
0.605522,0.72,0.419914,جِهَتِهِ
0.607,1.006565,0.749518,قَالَ

