conf,end,start,word
1.0,0.36,0.09,من
0.995835,0.809736,0.36,جهته
