conf,end,start,word
0.994992,0.39,0.15,من
1.0,0.75,0.39,جهته
0.987149,0.989898,0.78,قال
0.400371,1.17,0.99,رئيس
