conf,end,start,word
0.862911,0.39,0.27,مِنْ
0.999701,0.78,0.39,جِهَتِهِ
0.999147,0.967597,0.81,قَالَ
0.468609,1.14,0.967597,ٱرَّئِيسُ

