conf,end,start,word
0.994933,0.33,0.15,من
0.992932,0.81,0.33,جهته
0.765535,1.035714,0.84,قال
