conf,end,start,word
0.865388,0.36,0.27,مِنْ
0.998943,0.75,0.36,جِهَتِهِ
0.989282,0.982355,0.78,قَالَ

