conf,end,start,word
0.992326,0.27,0.06,من
1.0,0.840082,0.27,جهته
0.99063,1.137232,0.87,قال
