conf,end,start,word
0.974005,0.419722,0.24,مِنْ
0.98801,0.75,0.419722,جِهَتِهِ
0.976973,0.997154,0.78,قَالَ

