conf,end,start,word
0.988267,0.359894,0.18,مِنْ
0.996723,0.78,0.359894,جِهَتِهِ
0.828125,1.028282,0.81,قَالَ

