conf,end,start,word
0.919598,0.36,0.21,مِنْ
0.995004,0.780445,0.36,جِهَتِهِ
0.948039,1.05601,0.81,قَالَ

