conf,end,start,word
0.908342,0.42,0.24,مِنْ
0.920951,0.75,0.42,جِهَتِهِ
0.897822,0.986018,0.779579,قَالَ

