conf,end,start,word
0.667421,0.36,0.27,مِنْ
0.958608,0.75,0.36,جِهَتِهِ
0.980977,0.966846,0.78,قَالَ
0.278248,1.17,0.966846,ٱرَّئِيسُ

