conf,end,start,word
1.0,0.33,0.06,من
1.0,0.81,0.36,جهته
0.377957,1.025878,0.84,قال
