conf,end,start,word
0.998478,0.3,0.03,مِنْ
0.993144,0.81,0.3,جِهَتِهِ
0.676973,1.031756,0.84,قَالَ

