conf,end,start,word
0.858217,0.39,0.24,من
0.985191,0.72,0.39,جهته
0.998553,0.900343,0.75,قال
0.265207,1.17,0.900343,المتحدث
