conf,end,start,word
0.98766,0.42,0.18,مِنْ
0.893736,0.75,0.42,جِهَتِهِ
0.994553,0.965703,0.78,قَالَ
0.541416,1.14,0.965703,ٱرَّئِيسُ

