conf,end,start,word
0.932248,0.36,0.21,مِنْ
0.974877,0.78,0.36,جِهَتِهِ
0.967945,1.107587,0.81,قَالَ

