conf,end,start,word
0.995994,0.42,0.27,فِي
0.994787,0.763514,0.42,حَلَبْ

