conf,end,start,word
0.981279,0.389731,0.03,مدينة
1.0,0.78,0.389731,حلب
