conf,end,start,word
0.994397,0.419916,0.03,مدينة
1.0,0.81,0.419916,حلب
