conf,end,start,word
0.500974,0.360466,0.040803,فِي
0.886318,0.78,0.361177,حَلَبْ

