conf,end,start,word
0.85157,0.39,0.215781,فِي
0.738382,0.75,0.39,حَلَبْ

