conf,end,start,word
0.945769,0.359485,0.150619,فِي
1.0,0.81,0.359485,حَلَبْ

