conf,end,start,word
0.652607,0.384009,0.240761,فِي
1.0,0.78,0.384009,حَلَبْ

