conf,end,start,word
0.98829,0.36,0.209745,فِي
0.99909,0.75,0.36,حَلَبْ

