conf,end,start,word
0.994231,0.45,0.300124,في
1.0,0.749857,0.45,حلب
