conf,end,start,word
0.99771,0.39,0.210562,في
1.0,0.800872,0.39,حلب
