conf,end,start,word
1.0,0.75,0.369696,دونالد
0.942266,1.108767,0.75,ترامب
