conf,end,start,word
0.303653,0.39,0.0,الأميركي
1.0,0.75,0.390105,دونالد
0.805893,1.075529,0.75,ترامب
