conf,end,start,word
0.509959,0.42,0.0,التركي
1.0,0.78,0.420122,دونالد
0.906544,1.08,0.78,ترامب
