conf,end,start,word
0.445513,0.39,0.0,الرئيس
1.0,0.72,0.421055,دونالد
0.883944,1.08,0.72,ترامب
