conf,end,start,word
0.607803,0.36,0.0,الأميركي
1.0,0.75,0.36407,دونالد
0.957602,1.03892,0.75,ترامب
