conf,end,start,word
0.687727,0.389764,0.0,الأميركي
1.0,0.78,0.389764,دونالد
0.987934,1.14,0.78,ترامب
