conf,end,start,word
0.89081,0.389911,0.0,الأميركي
0.997503,0.72,0.389911,دونالد
0.632328,0.935462,0.72,ترامب
