conf,end,start,word
0.947332,0.42,0.0,الأميركي
0.931254,0.748096,0.42,دونالد
0.982278,1.02,0.748096,ترامب
