conf,end,start,word
0.882252,0.39,0.0,الأميركي
1.0,0.72,0.392304,دونالد
0.990805,0.960355,0.72,ترامب
