conf,end,start,word
0.405921,0.418747,0.06,قَالَ
1.0,0.66,0.420969,دُونَالْدِ
0.986202,0.959701,0.66,تْرَامْبْ

