conf,end,start,word
0.718297,0.45,0.240528,إِنَّ
0.998541,0.720128,0.45,رَئِيسَ
0.991282,1.100817,0.720128,ٱلْحُكُومَةِ

