conf,end,start,word
0.979381,0.351482,0.0,أن
0.713205,0.78,0.36,رئيس
