conf,end,start,word
0.428991,0.2998,0.03,فِي
0.694445,0.42035,0.2998,مَعَ
1.0,0.72,0.429197,رَئِيسِ
1.0,1.079169,0.72,ٱلْوُزَرَاءِ

