conf,end,start,word
0.99434,0.78,0.33,رئيس
0.928027,1.139278,0.84,مجلس
