conf,end,start,word
1.0,0.42,0.06,قَالَ
0.993532,0.69,0.42,رَئِيسُ
0.960586,1.056055,0.69,مَجْلِسْ

