conf,end,start,word
0.600146,0.45,0.21,قال
1.0,0.69,0.458695,رئيس
1.0,1.078945,0.69,الوزراء
