conf,end,start,word
1.0,0.419876,0.15,قَالَ
0.995857,0.72,0.42,رَئِيسُ
0.97653,1.062772,0.72,ٱلْحُكُومَةِ

