conf,end,start,word
0.758371,0.3,0.03,قال
1.0,0.750904,0.42,رئيس
0.938085,1.110652,0.750904,الحكومة
