conf,end,start,word
0.874001,0.195804,0.03,عَبْدِ
0.936448,0.36,0.195804,ٱلَّهْ
1.0,0.81,0.36,صَالِحْ

