conf,end,start,word
0.709871,0.36,0.0,الحوثي
0.895716,0.78,0.364978,صالح
