conf,end,start,word
0.862754,0.195467,0.03,عبد
0.994415,0.36,0.195467,الله
1.0,0.81,0.36,صالح
