conf,end,start,word
0.809178,0.36,0.030166,قوات
0.9943,0.78,0.39,صالح
0.665974,1.17,1.02,في
