conf,end,start,word
0.926859,0.36,0.03,وقوات
1.0,0.78,0.39,صالح
0.952937,0.997784,0.81,إلى
