conf,end,start,word
1.0,0.39,0.03,محمد
1.0,0.78,0.42,صالح
0.967913,0.96,0.84,إلى
0.995851,1.17,0.96,اللقاء
