conf,end,start,word
1.0,0.3,0.001638,الله
1.0,0.84,0.3,صالح
0.89987,1.032194,0.870361,في
