conf,end,start,word
0.523896,0.167389,0.03,عبد
0.976886,0.36,0.167389,الله
1.0,0.78,0.36,صالح
