conf,end,start,word
0.682852,0.36,0.03,قوات
1.0,0.78,0.39,صالح
0.990984,0.9,0.78,في
0.982511,1.167939,0.9,اليمن
