conf,end,start,word
0.977749,0.33,0.0,أن
0.800984,0.78,0.33,طائرات
0.674931,0.991603,0.78,النظام
0.215077,1.17,0.991603,السوري
