conf,end,start,word
0.780992,0.33,0.0,أن
0.976673,0.78088,0.33593,طائرات
0.909291,1.10971,0.78088,التحالف
