conf,end,start,word
0.993794,0.36,0.002417,أن
1.0,0.81,0.360186,طائرات
0.990702,1.129623,0.81,النظام
