conf,end,start,word
0.993087,0.81,0.36,طائرات
0.987895,1.142378,0.81,النظام
