conf,end,start,word
0.615735,0.36,0.03,بأن
1.0,0.81,0.361347,طائرات
0.991791,1.14,0.81,التحالف
