conf,end,start,word
0.867766,0.36,0.223317,من
1.0,0.781661,0.363967,طائرات
0.866194,1.076476,0.781661,النظام
