conf,end,start,word
0.941855,0.36,0.03,من
1.0,0.810038,0.36,طائرات
0.997107,1.168346,0.810038,النظام
