conf,end,start,word
0.994627,0.78,0.37552,طائرات
0.999337,1.13263,0.78,النظام
