conf,end,start,word
0.966812,0.780018,0.379627,طائرات
0.995324,1.137189,0.780018,النظام
