conf,end,start,word
0.537539,0.78,0.295001,طائرات
0.573137,1.17,0.78,التحالف
