conf,end,start,word
1.0,0.33,0.0,المخلوع
1.0,0.48,0.33,علي
1.0,0.66,0.48,عبد
0.939104,0.78,0.66,الله
1.0,1.139292,0.78,صالح
