conf,end,start,word
0.85951,0.358878,0.0,الله
1.0,0.75,0.358878,عبد
1.0,1.08,0.75,الله
