conf,end,start,word
1.0,0.48,0.24,علي
1.0,0.683383,0.48,عبد
0.779441,0.81,0.69,الله
1.0,1.169236,0.81,صالح
