conf,end,start,word
0.913585,0.51,0.063125,علي
1.0,0.66,0.51,عبد
0.963847,0.84,0.66,الله
1.0,1.14,0.84,صالح
