conf,end,start,word
0.457612,0.227506,0.0,أَنَّ
0.866934,0.84,0.227506,عَسْكَرِيَّةً

