conf,end,start,word
0.989871,0.851995,0.270145,عسكرية
