conf,end,start,word
0.981689,0.848182,0.300324,عسكرية
