conf,end,start,word
0.819315,0.81,0.24,عسكرية
0.844719,0.960047,0.81,في
0.807226,1.139686,0.960047,ليبيا
