conf,end,start,word
0.964839,0.33,0.03,مصادر
0.997748,0.810635,0.33,عسكرية
0.87894,1.17,0.810635,للجزيرة
