conf,end,start,word
0.947009,0.33,0.03,مصادر
0.994965,0.81,0.33,عسكرية
0.893825,1.17,0.81,للجزيرة
