conf,end,start,word
0.549469,0.33,0.03,مصادر
0.804198,0.81,0.33,عسكرية
0.501273,1.17,0.810719,للجزيرة
