conf,end,start,word
0.962928,0.450669,0.0,الجزيرة
0.91352,0.69,0.450669,على
