conf,end,start,word
1.0,0.48,0.0,المخلوع
1.0,0.69,0.48,علي
1.0,0.9,0.69,عبد
0.891097,1.05038,0.9,الله
0.974505,1.17,1.05038,صالح
