conf,end,start,word
1.0,0.48,0.0,المخلوع
1.0,0.66,0.48,علي
1.0,0.84,0.66,عبد
0.966112,1.02,0.84,الله
0.99165,1.17,1.05,صالح
