conf,end,start,word
1.0,0.48,0.0,المخلوع
1.0,0.69,0.48,علي
1.0,0.9,0.69,عبد
0.953497,1.020155,0.9,الله
0.99016,1.14,1.020155,صالح
