conf,end,start,word
1.0,0.48,0.0,المخلوع
1.0,0.66,0.48,علي
1.0,0.87,0.66,عبد
0.674272,0.985798,0.87,الله
0.997329,1.14,0.985798,صالح
