conf,end,start,word
0.978423,0.449578,0.0,المخلوع
1.0,0.69,0.449578,علي
1.0,1.11,0.69,صالح
