conf,end,start,word
1.0,0.72,0.42,علي
1.0,0.9,0.72,عبد
0.846217,1.05,0.9,الله
0.985053,1.17,1.05,صالح
