conf,end,start,word
1.0,0.51,0.0,المخلوع
1.0,0.66,0.51,علي
1.0,0.810634,0.66,عبد
0.961119,0.99,0.810634,الله
1.0,1.17,0.99,صالح
