conf,end,start,word
1.0,0.482471,0.0,المخلوع
0.846899,0.66,0.482471,علي
1.0,1.009751,0.66,صالح
