conf,end,start,word
0.96903,0.24,0.0,السلام
0.991369,0.69,0.240392,عليكم
