conf,end,start,word
1.0,0.42,0.0,السلام
1.0,0.75,0.42,عليكم
1.0,0.990118,0.75,ورحمة
0.994863,1.14,0.990118,الله
