conf,end,start,word
0.951057,0.36,0.0,السلام
1.0,0.78,0.36,عليكم
1.0,1.050306,0.78,ورحمة
0.991698,1.17,1.050306,الله
