conf,end,start,word
1.0,0.42,0.0,السلام
1.0,0.75,0.42,عليكم
1.0,1.020079,0.75,ورحمة
0.991428,1.14,1.020079,الله
