conf,end,start,word
0.686723,0.42,0.0,السلام
1.0,0.78,0.42,عليكم
1.0,1.058249,0.78,ورحمة
0.520209,1.17,1.058249,الله
