conf,end,start,word
0.994666,0.39,0.0,السلام
1.0,0.78,0.39,عليكم
1.0,1.050054,0.78,ورحمة
0.99414,1.17,1.050054,الله
