conf,end,start,word
1.0,0.39,0.0,السلام
1.0,0.75,0.39,عليكم
1.0,1.020156,0.75,ورحمة
0.991515,1.14,1.020156,الله
