conf,end,start,word
0.996397,0.39,0.0,ٱسَّلَامُ
1.0,0.78,0.39,عَلَيْكُمْ
0.985237,1.050203,0.78,وَرَحْمَةُ
0.963582,1.17,1.050203,ٱلَّهْ

