conf,end,start,word
0.828955,0.351899,0.241604,فِي
1.0,1.08,0.351899,ٱلْعِرَاقْ

