conf,end,start,word
0.637034,0.51,0.0,ٱلْأَمِيرِيكِيَّةِ
0.992986,0.632503,0.513092,فِي
0.986965,1.019884,0.632503,لِيبْيَا

