conf,end,start,word
0.995132,0.51,0.0,الجزيرة
1.0,0.66,0.51,في
0.995923,1.11,0.66,قطر
