conf,end,start,word
0.984751,0.629957,0.48,في
0.990663,1.109062,0.629957,الجيش
