conf,end,start,word
0.985431,0.66,0.45,فِي
0.981226,1.068725,0.66,مَدِينَةِ

