conf,end,start,word
0.988455,0.63,0.45,في
0.994869,1.108666,0.63,مدينة
