conf,end,start,word
0.988995,0.66,0.39,قَالَ
0.806436,1.022802,0.72,وَزِيرُ

