conf,end,start,word
0.966604,0.66,0.42,قال
1.0,0.960079,0.66192,وزير
0.982863,1.14,0.960079,الدفاع
