conf,end,start,word
0.996683,0.69,0.45,قال
0.996209,0.975096,0.690048,وزير
0.243678,1.17,0.99,الدفاع
