conf,end,start,word
1.0,0.68988,0.42,قال
0.995999,0.960112,0.69,رئيس
0.987499,1.17,0.960112,الوزراء
