conf,end,start,word
1.0,0.659576,0.45,قَالَ
0.985856,0.87007,0.66,رَئِيسُ
0.976494,1.083161,0.87007,ٱلْوُزَرَاءِ

