conf,end,start,word
0.87677,0.719707,0.420076,قَالَ

