conf,end,start,word
1.0,0.72008,0.45,قال
0.991782,1.160622,0.72008,المتحدث
