conf,end,start,word
0.996349,0.69,0.45,قَالَ
0.986953,1.169106,0.690111,مُرَاسِلُ

