conf,end,start,word
1.0,0.662814,0.45,قال
0.839039,0.960039,0.662814,الرئيس
0.34902,1.17,0.960039,التركي
