conf,end,start,word
1.0,0.66,0.45,قال
0.891543,0.93,0.66,رئيس
0.644848,1.14,0.93,الوزراء
