conf,end,start,word
1.0,0.69,0.45,قال
1.0,0.991163,0.69,الجيش
0.44357,1.17,0.991163,السوري
