conf,end,start,word
0.99079,0.66,0.45,قَالَ
1.0,0.9,0.660181,وَزِيرُ
0.995719,1.169592,0.9,ٱدِّفَاعِ

