conf,end,start,word
0.970886,0.719391,0.42,قال
0.977953,1.041243,0.720967,وزير
