conf,end,start,word
0.94799,0.69,0.42,قال
0.997536,0.994242,0.69131,وزير
0.464214,1.17,0.994242,الدفاع
