conf,end,start,word
0.998326,0.659979,0.45,قَالَ
1.0,0.96,0.659979,رَئِيسُ
0.994763,1.17,0.96,ٱلْوُزَرَاءِ

