conf,end,start,word
0.999649,0.690183,0.42,قَالَتْ
0.988351,1.007662,0.690183,مَصَادِرُ

