conf,end,start,word
0.935417,0.78,0.39,قالت
0.957228,1.137827,0.78,مصادر
