conf,end,start,word
0.910508,0.72,0.45,قَالَتْ
1.0,0.991766,0.72,وِزَارَةُ
0.902694,1.17,0.991766,ٱدِّفَاعِ

