conf,end,start,word
0.980538,0.72,0.42,قالت
1.0,0.995224,0.72,وزارة
0.804689,1.17,0.995224,الدفاع
