conf,end,start,word
1.0,0.720071,0.42,قالت
0.995989,1.155447,0.720071,الخارجية
