conf,end,start,word
1.0,0.72,0.39,قالت
0.952672,1.092158,0.72014,مصادر
