conf,end,start,word
0.939414,0.72,0.360177,قالت
1.0,1.064778,0.72,وزارة
