conf,end,start,word
0.873673,0.755127,0.360217,قالت
