conf,end,start,word
0.999099,0.84,0.3,قتلوا
0.849426,1.04778,0.98778,في
