conf,end,start,word
0.811096,0.39,0.252887,في
0.99749,0.75,0.391681,قطر
0.961015,1.139375,0.779843,قال
