conf,end,start,word
0.985784,0.39,0.269899,فِي
1.0,0.72,0.390241,قَطَرْ

