conf,end,start,word
0.997751,0.36,0.033254,في
1.0,0.81,0.36,قطر
