conf,end,start,word
0.984267,0.39,0.24,في
0.997073,0.78,0.390385,قطر
