conf,end,start,word
0.973777,0.39,0.243846,في
0.993459,0.81,0.39,قطر
