conf,end,start,word
0.847169,0.39,0.240695,في
0.989941,0.72,0.393842,قطر
1.0,0.99,0.720302,أهلا
0.872251,1.17,0.99,بكم
