conf,end,start,word
0.977974,0.39,0.248941,في
1.0,0.78,0.39,قطر
