conf,end,start,word
0.992645,0.39,0.260573,في
1.0,0.78,0.39,قطر
