conf,end,start,word
0.928445,0.45,0.302208,في
1.0,0.72,0.45,قطر
