conf,end,start,word
0.773495,0.45,0.052715,مِنْ
0.995975,0.72,0.45,قَنَاةِ
1.0,1.089598,0.72,ٱلْجَزِيرَهْ

