conf,end,start,word
0.986729,0.36,0.03,من
1.0,0.81,0.36,قناة
0.993882,1.17,0.84,الجزيرة
