conf,end,start,word
0.962909,0.33,0.03,مِنْ
0.996396,0.749762,0.331008,قَنَاةِ
0.962241,1.17,0.75,ٱلْجَزِيرَهْ

