conf,end,start,word
0.967542,0.69,0.42,قناة
0.996783,1.137672,0.69,الجزيرة
