conf,end,start,word
0.96923,0.36,0.03154,من
1.0,0.75,0.36,قناة
1.0,1.153728,0.75,الجزيرة
