conf,end,start,word
0.98242,0.39,0.03,من
1.0,0.75,0.390308,قناة
1.0,1.16929,0.75,الجزيرة
