conf,end,start,word
0.87706,0.36,0.030858,مِنْ
1.0,0.72,0.360143,قَنَاةِ
1.0,1.168929,0.72,ٱلْجَزِيرَهْ

