conf,end,start,word
0.751956,0.42,0.27,من
1.0,0.75,0.426947,قناة
1.0,1.155486,0.75,الجزيرة
