conf,end,start,word
0.542985,0.42,0.278621,من
0.989105,0.72,0.42,قناة
0.998922,1.103875,0.72059,الجزيرة
