conf,end,start,word
0.967135,0.42,0.047324,من
1.0,0.72,0.45,قناة
1.0,1.068006,0.72,الجزيرة
