conf,end,start,word
0.687237,0.419934,0.24,مِنْ
1.0,0.78,0.419934,قَنَاةِ
1.0,1.139806,0.78,ٱلْجَزِيرَهْ

