conf,end,start,word
0.95724,0.42,0.0,أَنَّ
0.998902,0.750153,0.42,قُوَّاتِ
0.988598,1.000502,0.750153,ٱنِّظَامِ
0.4339,1.17,1.000502,ٱسُّورِيِّ

