conf,end,start,word
0.994843,0.41993,0.0,أن
1.0,0.810959,0.41993,قوات
0.917832,1.14,0.810959,المعارضة
