conf,end,start,word
0.560114,0.387174,0.03,بِاسْمِ
0.576989,0.719748,0.418867,قُوَّاتِ
0.368358,1.14,0.93,ٱتَّحَالُفِ

