conf,end,start,word
0.995813,0.87,0.242512,قوات
0.425419,1.14,0.87,الأمن
