conf,end,start,word
0.539312,0.33,0.12,إِنَّ
0.998869,0.78,0.33,قُوَّاتِ
0.495673,1.139556,0.78,ٱلْحُكُومَهْ

