conf,end,start,word
0.601978,0.75003,0.36,قوات
0.635397,0.987965,0.75003,الأمن
