conf,end,start,word
0.990245,0.419884,0.0,أَنَّ
0.995136,0.750247,0.41989,قُوَّاتِ
0.978258,1.060677,0.750247,ٱنِّظَامِ

