conf,end,start,word
0.998237,0.42,0.27,مَعَ
1.0,0.75,0.42,قُوَّاتِ
0.996825,0.998107,0.75,ٱنِّظَامِ
0.591525,1.17,0.998107,ٱسُّورِيِّ

