conf,end,start,word
1.0,0.42,0.0,أن
1.0,0.75115,0.42,قوات
0.921772,1.069277,0.75115,الجيش
