conf,end,start,word
1.0,0.39,0.03,مع
1.0,0.751104,0.39,قوات
0.901475,1.139723,0.751104,المعارضة
