conf,end,start,word
0.995412,0.42,0.0,أن
0.997792,0.720043,0.42,قوات
0.994944,1.000308,0.720043,النظام
0.546277,1.17,1.000308,السوري
