conf,end,start,word
1.0,0.750058,0.39,قوات
0.996299,1.14,0.750058,الجيش
