conf,end,start,word
0.999158,0.861706,0.03,لِلْجَزِيرَهْ
0.714064,1.010275,0.87,إِنَّ

