conf,end,start,word
0.995935,0.87,0.031801,لِلْجَزِيرَهْ
0.791725,1.041148,0.87,إِنَّ

