conf,end,start,word
0.624994,0.9,0.27,للجزيرة
0.367129,1.101927,0.9,إن
