conf,end,start,word
0.720099,0.33,0.03,مَصَادِرُ
0.954167,0.840166,0.337359,لِلْجَزِيرَهْ
0.840275,0.990697,0.840166,أَنَّ

