conf,end,start,word
0.993869,0.33,0.03,مَصَادِرُ
0.995144,0.781651,0.330038,لِلْجَزِيرَهْ
0.776762,0.934922,0.781651,أَنَّ

