conf,end,start,word
0.999058,0.81,0.045611,ٱلْجَزِيرَهْ
0.858569,0.960344,0.81,فِي

