conf,end,start,word
0.953514,0.898056,0.298881,لِلْجَزِيرَهْ
0.657965,1.049344,0.9,إِنَّ

