conf,end,start,word
0.875106,0.839915,0.346835,للجزيرة
0.460315,0.9721,0.84,إن
