conf,end,start,word
0.949268,0.32973,0.03,مَصَادِرُ
0.972916,0.84,0.32973,لِلْجَزِيرَهْ
0.958996,1.007181,0.84,إِنَّ

