conf,end,start,word
1.0,0.900019,0.27,لِلْجَزِيرَهْ
0.808121,1.056591,0.900019,إِنَّ

