conf,end,start,word
0.730789,0.3,0.03,مصادر
0.998131,0.84,0.30115,للجزيرة
0.965566,1.11,0.84,إن
