conf,end,start,word
0.997318,0.87,0.273089,للجزيرة
0.752938,1.0112,0.87,إن
