conf,end,start,word
0.760126,0.87,0.300301,لِلْجَزِيرَهْ
0.697456,1.036042,0.87,إِنَّ

