conf,end,start,word
0.9991,0.36,0.03,مصادر
1.0,0.84,0.36,للجزيرة
0.940287,1.019188,0.84,أن
