conf,end,start,word
1.0,0.900436,0.27,للجزيرة
0.567158,1.079835,0.900436,إن
