conf,end,start,word
0.95731,0.87,0.308978,لِلْجَزِيرَهْ
0.622082,1.026054,0.87,إِنَّ

