conf,end,start,word
0.996835,0.33,0.03,مصادر
1.0,0.84,0.33,للجزيرة
0.942966,0.960328,0.84,إن
