conf,end,start,word
0.975967,0.3,0.03,مصادر
0.997432,0.87,0.3,للجزيرة
0.975116,1.14,0.87,إن
