conf,end,start,word
0.99167,0.899964,0.27,للجزيرة
0.604721,0.997123,0.9,أن
