conf,end,start,word
0.998753,0.39,0.21,فِي
0.998753,0.772304,0.39,لِيبْيَا

