conf,end,start,word
0.997135,0.389976,0.24,في
1.0,0.78,0.389976,ليبيا
