conf,end,start,word
0.950896,0.39,0.181026,إِلَى
1.0,0.75,0.390175,لِيبْيَا
0.601267,0.903001,0.75,إِلَى

