conf,end,start,word
0.997661,0.359938,0.03,على
1.0,0.78,0.359938,ليبيا
