conf,end,start,word
0.995147,0.36,0.03,في
0.995147,0.75,0.36,ليبيا
