conf,end,start,word
0.997543,0.36,0.18,في
0.997543,0.749973,0.36,ليبيا
0.907532,0.990685,0.75,قال
