conf,end,start,word
0.997392,0.389977,0.24,فِي
1.0,0.75,0.389977,لِيبْيَا

