conf,end,start,word
0.989686,0.419989,0.24139,فِي
0.990201,0.75,0.419989,لِيبْيَا

