conf,end,start,word
1.0,0.78,0.105305,ليبيا
0.921253,1.033067,0.78,إلى
