conf,end,start,word
0.988975,0.358474,0.032257,إلى
1.0,0.81,0.358474,ليبيا
