conf,end,start,word
0.770649,0.356886,0.031941,فِي
1.0,0.75,0.356886,لِيبْيَا

