conf,end,start,word
1.0,0.42,0.03,في
1.0,0.749907,0.42,ليبيا
0.934385,1.02,0.75,قال
