conf,end,start,word
0.696083,0.359381,0.032724,فِي
0.920036,0.84,0.359381,لِيبْيَا

