conf,end,start,word
0.960451,0.389841,0.030396,رَئِيسِ
0.969363,0.75,0.390433,مَجْلِسِ
1.0,1.08,0.75,ٱلْأَمْنِ

