conf,end,start,word
0.781711,0.33,0.03,رَئِيسِ
0.978252,0.81,0.361319,مَجْلِسِ
0.962955,1.17,0.81,ٱلْوُزَرَاءِ

