conf,end,start,word
1.0,0.78,0.300286,مجلس
1.0,0.963551,0.78,الأمن
0.866469,1.14,0.963551,الدولي
