conf,end,start,word
1.0,0.39,0.03,في
1.0,0.75,0.39,مجلس
1.0,0.990123,0.75,الأمن
0.986416,1.17,0.990123,الدولي
