conf,end,start,word
0.457903,0.3,0.03,فِي
0.883807,0.81,0.371408,مَجْلِسِ
1.0,1.14,0.813486,ٱلْأَمْنِ

