conf,end,start,word
0.978879,0.299781,0.03,إِلَى
1.0,0.81,0.299781,مَجْلِسِ
1.0,1.157083,0.81,ٱلْأَمْنِ

