conf,end,start,word
1.0,0.45,0.03,إلى
1.0,0.75,0.45,مجلس
1.0,0.960081,0.75,الأمن
0.916328,1.16785,0.960081,الدولي
