conf,end,start,word
0.983903,0.39,0.244937,في
1.0,0.75,0.39,مجلس
1.0,1.067663,0.75,الأمن
