conf,end,start,word
1.0,0.75,0.392473,مجلس
1.0,0.990383,0.75,الأمن
0.976454,1.17,0.990383,الدولي
