conf,end,start,word
1.0,0.39,0.0,اليمن
1.0,0.78,0.39,محمد
0.982072,0.960278,0.78,عبد
0.659267,1.14,0.960278,السلام
