conf,end,start,word
1.0,0.81,0.36,مُحَمَّدْ
0.973877,0.990066,0.81,عَبْدِ
0.804857,1.17,0.990066,ٱسَّلَامْ

