conf,end,start,word
1.0,0.78,0.334721,محمد
1.0,0.96003,0.78,عبد
0.633521,1.14,0.96003,السلام
