conf,end,start,word
0.872438,0.42,0.24415,مع
1.0,0.75,0.420106,محمد
1.0,1.109332,0.78,صالح
