conf,end,start,word
0.973581,0.389723,0.0,الحوثي
1.0,0.78,0.389723,محمد
0.959377,0.930043,0.78,عبد
0.644032,1.169674,0.930043,السلام
