conf,end,start,word
0.612237,0.331965,0.031835,من
0.996721,0.75,0.331965,مدينة
