conf,end,start,word
0.983935,0.419842,0.243558,في
1.0,0.78,0.419842,مدينة
1.0,1.11,0.78,حلب
