conf,end,start,word
0.739692,0.752521,0.03,مدينة
0.803344,0.972439,0.752521,في
0.227733,1.17,0.99,البلاد
