conf,end,start,word
0.964334,0.36,0.031831,في
0.982741,0.754605,0.36,مدينة
