conf,end,start,word
0.986883,0.389858,0.21,فِي
0.994786,0.78,0.389858,مَدِينَةِ

