conf,end,start,word
1.0,0.36,0.03,في
1.0,0.81,0.36,مدينة
0.613785,1.169702,1.02,حلب
