conf,end,start,word
0.999002,0.36,0.15,قال
0.77362,0.78,0.36,مراسل
0.80093,1.144982,0.78,الجزيرة
