conf,end,start,word
0.868022,0.81,0.33,مراسل
0.996567,1.161908,0.81,الجزيرة
