conf,end,start,word
0.999362,0.39,0.12,قال
0.957421,0.78,0.39,مراسل
1.0,1.140825,0.781277,الجزيرة
