conf,end,start,word
0.998751,0.36,0.12,قال
0.892862,0.78,0.36,مراسل
1.0,1.16285,0.783214,الجزيرة
