conf,end,start,word
0.460467,0.382267,0.15,قَالَ
0.750835,0.75,0.405035,مُرَاسِلُ
0.997637,1.139525,0.757493,ٱلْجَزِيرَهْ

