conf,end,start,word
0.908951,0.78,0.360106,مراسل
0.998646,1.111726,0.782694,الجزيرة
