conf,end,start,word
0.999257,0.36,0.12,قال
0.942861,0.75,0.36,مراسل
1.0,1.075714,0.751714,الجزيرة
