conf,end,start,word
0.986656,0.36,0.03,قال
0.58936,0.81,0.36,مراسل
1.0,1.137391,0.81,الجزيرة
