conf,end,start,word
0.990466,0.359972,0.03,قالت
1.0,0.81,0.359972,مصادر
0.972373,0.969357,0.810259,في
