conf,end,start,word
0.911248,0.329041,0.03,قالت
1.0,0.81,0.329041,مصادر
1.0,1.168458,0.81,للجزيرة
