conf,end,start,word
0.48861,0.325028,0.03,قَالَتْ
0.985288,0.780339,0.325028,مَصَادِرُ
0.939635,0.9,0.780339,فِي

