conf,end,start,word
0.949846,0.870849,0.240134,مَصَادِرُ
0.825616,1.000703,0.870849,فِي

