conf,end,start,word
0.511526,0.27,0.0,أن
0.997803,0.901704,0.3,مصادر
