conf,end,start,word
0.992564,0.71947,0.48,من
0.72575,1.14,0.72,البلاد
