conf,end,start,word
0.999649,0.66,0.51,مِنْ
0.681741,1.053968,0.66,جِهَتِهِ

