conf,end,start,word
0.760679,0.66,0.480312,من
0.999272,0.960669,0.66,قناة
0.810028,1.17,0.960669,الجزيرة
