conf,end,start,word
0.985475,0.48,0.03,قوات
1.0,0.66,0.480436,من
1.0,0.962061,0.66,الجيش
0.298501,1.14,0.962061,الوطني
