conf,end,start,word
0.985277,0.33,0.18,فِي
0.994041,0.838216,0.33,مَوَاقِعَ

