conf,end,start,word
0.928422,0.850059,0.3,مَوَاقِعَ
0.31918,1.169238,0.87,قُوَّاتِ

