conf,end,start,word
1.0,0.33,0.03,عَلَى
0.996957,0.837341,0.33,مَوَاقِعَ
0.81313,1.139069,0.84,تَنْظِيمِ

