conf,end,start,word
0.958403,0.269625,0.03,على
0.975697,0.873087,0.269625,مواقع
