conf,end,start,word
0.980522,0.359753,0.030672,عَلَى
1.0,0.81,0.359753,مَوَاقِعَ
0.995585,1.17,0.81,عَسْكَرِيَّةٍ

