conf,end,start,word
0.991743,0.21,0.03,في
0.991617,0.989607,0.21,مواقع
