conf,end,start,word
0.880244,0.23926,0.03,على
0.995977,0.93,0.23926,مواقع
