conf,end,start,word
0.996733,0.329962,0.03,على
0.997144,0.81,0.329962,مواقع
0.473115,1.116204,0.81,قوات
