conf,end,start,word
0.986554,0.911123,0.276333,مواقع
0.324417,1.14,0.911123,عسكرية
