conf,end,start,word
1.0,0.36,0.03,على
1.0,0.839842,0.36,مواقع
0.956986,1.16909,0.84,تنظيم
