conf,end,start,word
1.0,0.81,0.33,وذلك
0.976518,0.934139,0.81,في
