conf,end,start,word
0.998602,0.780083,0.36,وَذَلِكَ
0.991716,0.989738,0.780083,فِي

