conf,end,start,word
1.0,0.892061,0.24,وذلك
0.82467,1.040112,0.9,في
