conf,end,start,word
0.998692,0.81,0.33,وذلك
0.98105,0.911158,0.81,في
