conf,end,start,word
0.584923,0.389284,0.0,أن
1.0,0.75,0.391161,وزارة
0.993447,1.135245,0.75,الدفاع
