conf,end,start,word
0.985439,0.389726,0.211465,فِي
1.0,0.78,0.389726,وِزَارَةِ
0.992642,1.137708,0.78,ٱدِّفَاعِ

