conf,end,start,word
0.92441,0.39,0.09,قَالَتْ
1.0,0.752435,0.39,وِزَارَةُ
0.827677,1.075192,0.752435,ٱدِّفَاعِ

