conf,end,start,word
0.996012,0.39,0.06,قال
1.0,0.69,0.39012,وزير
1.0,1.16971,0.69,الخارجية
