conf,end,start,word
0.838717,0.42,0.03,قال
1.0,0.69,0.424839,وزير
1.0,1.083719,0.69,الخارجية
