conf,end,start,word
0.845924,0.3,0.03,قال
1.0,0.78,0.331316,وزير
1.0,1.169711,0.81,الخارجية
