conf,end,start,word
0.997883,0.81004,0.36,وزير
0.99308,1.14,0.81004,الخارجية
