conf,end,start,word
0.980393,0.42,0.06,قال
1.0,0.72,0.420588,وزير
1.0,1.153561,0.72,الدفاع
