conf,end,start,word
0.585016,0.3,0.0,أَنَّ
0.989516,0.750034,0.33,وَزِيرَ
0.998872,1.16902,0.750315,ٱلْخَارِجِيَّةِ

