conf,end,start,word
0.991789,0.39,0.15,قال
1.0,0.72,0.390246,وزير
1.0,1.169462,0.72,الخارجية
