conf,end,start,word
0.921949,0.39,0.09,قال
1.0,0.69,0.422342,وزير
1.0,1.12816,0.69,الخارجية
