conf,end,start,word
0.99242,0.42,0.18,قَالَ
1.0,0.69,0.420089,وَزِيرُ
0.922583,0.959055,0.69,ٱدَّوْلَةِ
0.61252,1.17,0.96,ٱسُّورِيَّةِ

