conf,end,start,word
0.44407,0.42,0.0,أن
0.909315,0.72,0.420228,وزير
1.0,1.17,0.72,الخارجية
