conf,end,start,word
0.998502,0.45,0.24,قال
1.0,0.72,0.450045,وزير
1.0,1.077832,0.72,الخارجية
