conf,end,start,word
1.0,0.42,0.15,قال
1.0,0.72055,0.42,وزير
0.96701,1.095818,0.72055,الدفاع
