conf,end,start,word
0.997271,0.419966,0.18,إلى
1.0,0.75,0.419966,وزير
1.0,1.166849,0.75,الخارجية
