conf,end,start,word
1.0,0.39,0.0,أن
0.995955,0.75,0.39,وزير
1.0,1.139251,0.750121,الخارجية
