conf,end,start,word
0.556201,0.75,0.3813,وَزِيرُ
0.976024,1.160177,0.759275,ٱلْخَارِجِيَّةِ

