conf,end,start,word
0.936931,0.42,0.0,أَنَّ
0.992276,0.720086,0.42,وَزِيرَ
0.997159,1.165976,0.720232,ٱلْخَارِجِيَّةِ

