conf,end,start,word
0.991268,0.750013,0.36,وزير
0.999183,1.169251,0.750013,الخارجية
