conf,end,start,word
1.0,0.39,0.12,قال
1.0,0.690037,0.39,وزير
0.997852,1.095134,0.690037,الخارجية
