conf,end,start,word
0.969602,0.39,0.03,قال
1.0,0.72,0.390912,وزير
1.0,1.162275,0.72,الخارجية
