conf,end,start,word
0.833128,0.357834,0.03,قال
1.0,0.72,0.357834,وزير
1.0,1.14,0.72,الخارجية
