conf,end,start,word
0.986354,0.39,0.12,قال
1.0,0.69,0.390409,وزير
1.0,1.045407,0.69,الدفاع
