conf,end,start,word
0.756885,0.42,0.022633,أن
0.990897,0.72,0.423196,وزير
1.0,1.169631,0.720273,الخارجية
