conf,end,start,word
0.898763,0.42,0.039252,أن
1.0,0.690049,0.42,وزير
0.997439,1.163096,0.690049,الخارجية
