conf,end,start,word
0.977078,0.814233,0.3,وَقُوَّاتِ
0.542637,1.160142,0.814233,ٱرَّئِيسِ

