conf,end,start,word
0.989859,0.36,0.0,الحوثي
1.0,0.780235,0.36,وقوات
0.980116,1.053034,0.780235,الرئيس
