conf,end,start,word
0.971061,0.84,0.27,وقوات
0.82849,1.154832,0.87,صالح
