conf,end,start,word
0.768547,0.299907,0.0,الحوثي
0.625055,0.869004,0.299907,وقوات
