conf,end,start,word
0.958599,0.389687,0.0,ٱلْحُوثِيِّ
0.999748,0.783313,0.389687,وَقُوَّاتِ
0.741756,1.092304,0.783313,ٱرَّئِيسِ

