conf,end,start,word
0.995758,0.33,0.0,الحوثي
1.0,0.780161,0.330255,وقوات
0.981261,1.139435,0.780161,الرئيس
