conf,end,start,word
0.864372,0.33,0.0,السوري
0.924241,0.810709,0.33,وقوات
0.721891,1.17,0.810709,المعارضة
