conf,end,start,word
0.571844,0.775585,0.344595,وقوات
0.967253,1.168136,0.775585,النظام
