conf,end,start,word
1.0,0.42,0.0,ٱلْحُوثِيِّ
1.0,0.750077,0.42,وَقُوَّاتِ
0.993949,0.974489,0.750077,ٱرَّئِيسِ
0.303836,1.17,0.974489,ٱلْمَخْلُوعِ

