conf,end,start,word
0.998919,0.359985,0.0,الحوثي
1.0,0.780683,0.359985,وقوات
0.945168,1.079583,0.780683,الرئيس
