conf,end,start,word
0.877637,0.81,0.333384,وقوات
1.0,1.134495,0.81,النظام
