conf,end,start,word
0.660789,0.865363,0.3,وقوات
0.541751,1.17,0.9,صالح
