conf,end,start,word
1.0,0.45,0.0,ٱلْحُوثِيِّ
1.0,0.750037,0.45,وَقُوَّاتِ
0.997129,0.966382,0.750037,ٱرَّئِيسِ
0.476421,1.17,0.966382,ٱلْمَخْلُوعِ

