conf,end,start,word
0.991597,0.39,0.0,ٱلْحُوثِيِّ
0.992745,0.750275,0.390035,وَقُوَّاتِ
0.983657,1.03678,0.750275,ٱرَّئِيسِ

