conf,end,start,word
0.948427,0.359702,0.0,ٱلْحُوثِيِّ
0.994412,0.83374,0.359702,وَقُوَّاتِ

