conf,end,start,word
0.68713,0.33,0.0,الحوثي
0.846835,0.811091,0.334202,وقوات
0.806679,1.159321,0.811091,الرئيس
