conf,end,start,word
0.998505,0.78,0.328519,وقوات
0.768477,1.085175,0.78,الرئيس
