conf,end,start,word
0.993772,0.36,0.0,الحوثي
1.0,0.81,0.36,وقوات
0.974633,1.073051,0.81,الرئيس
