conf,end,start,word
1.0,0.57,0.03,مُرَاسِلُ
1.0,0.989114,0.57,ٱلْجَزِيرَهْ
0.944038,1.048992,0.989114,فِي

