conf,end,start,word
0.712649,0.48,0.03,للجزيرة
0.526346,0.66,0.48,أن
0.527325,1.064184,0.66,طائرات

