conf,end,start,word
0.76832,0.657642,0.51,إن
0.968658,1.11,0.657642,التحالف

