conf,end,start,word
0.422391,0.271267,0.035734,الله

