conf,end,start,word
0.501578,0.66,0.48,إن
0.96246,1.084062,0.660071,قوات

