conf,end,start,word
0.646547,0.659783,0.48,إن
0.756527,1.145289,0.659783,المعارضة

