conf,end,start,word
0.994988,0.78,0.360116,الأمم
1.0,1.099867,0.78,المتحدة

