conf,end,start,word
0.998453,0.44995,0.3,في
1.0,0.72,0.44995,الأمم
1.0,1.148509,0.72,المتحدة

