conf,end,start,word
0.994922,0.75,0.337118,الأمم
1.0,1.143398,0.75,المتحدة

