conf,end,start,word
0.865455,0.418419,0.0,أن
1.0,0.78,0.418419,الأمم
1.0,1.162194,0.78,المتحدة

