conf,end,start,word
0.786616,0.69,0.410542,الأمم
1.0,1.079862,0.69,المتحدة

