conf,end,start,word
0.876416,0.435024,0.33,في
1.0,0.72,0.435024,الأمم
1.0,1.080577,0.72,المتحدة

