conf,end,start,word
0.666702,0.414928,0.3,في
0.996601,0.75,0.414928,الأمم
1.0,1.080282,0.75,المتحدة

