conf,end,start,word
0.991563,0.78,0.058701,الأمم
1.0,1.154518,0.78,المتحدة

