conf,end,start,word
0.886612,0.405524,0.240054,إلى
0.988999,0.72,0.405524,الأمم
1.0,1.132374,0.72,المتحدة

