conf,end,start,word
0.808229,0.372898,0.27,في
1.0,0.72,0.372898,الأمم
1.0,1.167021,0.72,المتحدة

