conf,end,start,word
0.990893,0.39,0.030432,قوات
1.0,0.75,0.390175,الأمم
1.0,1.14896,0.75,المتحدة

