conf,end,start,word
1.0,0.42,0.031404,باسم
0.997824,0.72,0.42,الأمم
1.0,1.142293,0.72,المتحدة

