conf,end,start,word
0.998383,0.359733,0.03,من
1.0,0.75,0.359733,الأمم
1.0,1.15449,0.75,المتحدة

