conf,end,start,word
0.978106,0.45,0.033275,مجلس
1.0,0.69,0.45,الأمن
1.0,1.109834,0.69,الدولي

