conf,end,start,word
0.985434,0.39,0.030228,مجلس
1.0,0.729336,0.39,الأمن

