conf,end,start,word
0.906405,0.375368,0.03,قوات
1.0,0.78,0.375368,الأمن

