conf,end,start,word
0.997424,0.389502,0.0,أن
0.970787,0.81,0.389502,الأمن

