conf,end,start,word
0.975562,0.812638,0.010287,الأمن

