conf,end,start,word
0.680083,0.840077,0.006238,الأميركية
0.462745,0.993494,0.840077,أن

