conf,end,start,word
0.789639,0.87,0.0,الأميركية
0.686278,1.01236,0.87,إن

