conf,end,start,word
0.830232,0.359894,0.0,الخارجية
0.780762,0.764514,0.359894,الأميركية

