conf,end,start,word
0.971761,0.84,0.0,الأميركية
0.937459,1.005091,0.84,في

