conf,end,start,word
0.664727,0.81,0.014789,الأميركية
0.847839,0.970245,0.81,إن

