conf,end,start,word
0.98919,0.84,0.031632,الأميركية
0.996361,0.989594,0.84,في
0.860624,1.16945,0.989794,ليبيا

