conf,end,start,word
0.979401,0.84,0.0,الأميركية
0.353421,1.034818,0.849684,في

