conf,end,start,word
0.987502,0.720006,0.332221,الأنباء
0.915201,0.850903,0.720006,من

