conf,end,start,word
0.978657,0.81,0.225103,الأنباء
0.965177,1.11,0.84,من

