conf,end,start,word
0.985137,0.750643,0.33,الأنباء
0.922535,0.910171,0.750643,من

