conf,end,start,word
0.972692,0.78,0.196562,الأنباء
0.85745,0.927811,0.78,من
0.240321,1.14,0.93,قناة

