conf,end,start,word
0.996785,0.81,0.0,الأنباء
0.611968,0.965831,0.81,من

