conf,end,start,word
0.956692,0.420166,0.03,مجلس
0.578781,0.654322,0.420166,الأمن
0.491968,0.915359,0.719785,من

