conf,end,start,word
0.913841,0.75,0.100919,الأنباء
0.859449,0.952028,0.78,من

