conf,end,start,word
0.770842,0.78,0.014776,الأنباء
0.805971,0.980355,0.78,من

