conf,end,start,word
0.967573,0.780183,0.068779,الأنباء
0.967923,0.977582,0.780183,من

