conf,end,start,word
0.916423,0.81,0.36,الأنباء
0.554824,1.077786,0.84,من

