conf,end,start,word
0.328798,0.78,0.419296,الأنباء
0.708156,0.96,0.78,من

