conf,end,start,word
0.416935,0.75,0.423536,الأنباء
0.807675,0.875806,0.75,من

