conf,end,start,word
0.96274,0.299829,0.0,الجيش
0.972259,0.899163,0.299829,الإسرائيلي

