conf,end,start,word
0.99775,0.86997,0.001506,الإسرائيلي
0.315115,0.986757,0.870347,من

