conf,end,start,word
0.990482,0.299051,0.0,الجيش
1.0,0.899822,0.299051,الإسرائيلي

