conf,end,start,word
1.0,0.900092,0.008846,الإسرائيلي
0.970888,1.019769,0.900092,في

