conf,end,start,word
1.0,0.33,0.0,الدولة
1.0,0.810882,0.33,الإسلامية
0.824554,0.984406,0.810882,أن

