conf,end,start,word
0.99162,0.299136,0.0,الدولة
1.0,0.87,0.299136,الإسلامية
0.945501,1.002055,0.87,في

