conf,end,start,word
0.951776,0.329288,0.0,الدولة
0.997129,0.83089,0.329288,الإسلامية

