conf,end,start,word
0.93782,0.266324,0.0,الدولة
0.983055,0.9,0.266324,الإسلامية

