conf,end,start,word
0.651574,0.267763,0.0,الدولة
1.0,0.868217,0.267763,الإسلامية

