conf,end,start,word
0.995702,0.33,0.0,الدولة
1.0,0.84,0.33,الإسلامية
0.892793,0.989659,0.84,في

