conf,end,start,word
0.955246,0.296283,0.0,الدولة
0.99658,0.87,0.296283,الإسلامية

