conf,end,start,word
0.950695,0.295273,0.0,الدولة
0.996976,0.87,0.295273,الإسلامية
0.846342,1.11,0.87,على

