conf,end,start,word
0.825898,0.283291,0.0,الدولة
0.996319,0.87,0.283291,الإسلامية

