conf,end,start,word
0.991255,0.299937,0.0,الرئيس
1.0,0.878584,0.299937,الإيراني

