conf,end,start,word
0.902844,0.297569,0.03,من
0.688599,0.852092,0.297569,الإيراني

