conf,end,start,word
0.666671,0.81,0.27,الإيراني
0.633809,1.037675,0.81,علي

