conf,end,start,word
0.434792,0.780869,0.3,الإيراني
0.656215,1.12215,0.786269,محمد

