conf,end,start,word
0.972911,0.299648,0.0,الرئيس
1.0,0.877575,0.299648,الإيراني

