conf,end,start,word
0.99022,0.81,0.009925,الإيراني
0.825004,1.040817,0.81,علي

