conf,end,start,word
0.992638,0.84,0.020767,الإيراني
0.619143,1.143276,0.84,محمد

