conf,end,start,word
0.975422,0.87,0.278561,الإيراني
0.959278,0.985443,0.87,في
0.199895,1.139602,0.989602,اليمن

