conf,end,start,word
0.88452,0.269484,0.0,الرئيس
0.996308,0.9,0.269484,الإيراني

