conf,end,start,word
0.997423,0.329697,0.03,في
1.0,0.87,0.329697,البلاد

