conf,end,start,word
0.861231,0.286801,0.03,في
1.0,0.84,0.286801,البلاد

