conf,end,start,word
0.896239,0.387214,0.27,في
0.924988,0.78,0.387214,البلاد

