conf,end,start,word
0.920866,0.35419,0.212969,في
0.995622,0.87,0.35419,البلاد

