conf,end,start,word
0.9668,0.26952,0.03,في
0.682924,0.87,0.26952,البلاد

