conf,end,start,word
0.912659,0.352389,0.12,في
1.0,1.08,0.352389,البلاد

