conf,end,start,word
0.91463,0.292011,0.03,في
1.0,0.87,0.292011,البلاد

