conf,end,start,word
0.997946,0.359852,0.24,في
1.0,0.84,0.359852,البلاد

