conf,end,start,word
0.974176,0.357711,0.21,في
1.0,0.81,0.357711,البلاد

