conf,end,start,word
0.985826,0.81,0.001104,البلاد
0.745715,1.069935,0.81,إلى

