conf,end,start,word
0.98985,0.328765,0.03,على
1.0,0.84,0.328765,البلاد

