conf,end,start,word
0.983177,0.359862,0.213614,في
1.0,0.75,0.359862,البلاد

