conf,end,start,word
0.933064,0.325947,0.210437,في
1.0,0.84,0.325947,البلاد

