conf,end,start,word
0.974078,0.326984,0.031341,في
1.0,0.87,0.326984,البلاد

