conf,end,start,word
0.965969,0.327663,0.030544,قوات
1.0,0.81,0.327663,التحالف

