conf,end,start,word
0.600195,0.298668,0.0,أن
0.989816,0.81,0.298668,التحالف

