conf,end,start,word
0.911214,0.34728,0.001181,أن
1.0,0.810014,0.34728,التحالف
0.998814,1.101507,0.810014,الدولي

