conf,end,start,word
0.991889,0.84034,0.029632,التحالف
0.431298,1.139267,0.84034,إلى

