conf,end,start,word
0.997911,0.81,0.33,التحالف
0.982917,1.111633,0.81,الدولي

