conf,end,start,word
0.9479,0.352251,0.031337,من
1.0,0.78,0.352251,التحالف
1.0,1.131924,0.78,الدولي

