conf,end,start,word
0.990187,0.84,0.010111,التحالف
0.889669,0.966709,0.84,في

