conf,end,start,word
0.970956,0.298593,0.03,قوات
0.996191,0.84,0.298593,التحالف

