conf,end,start,word
0.960277,0.42,0.0,الدفاع
0.869593,0.72,0.421114,التركي

