conf,end,start,word
0.998466,0.329801,0.0,الجيش
1.0,0.84,0.329801,التركي

