conf,end,start,word
0.993709,0.33,0.0,الجيش
1.0,0.814311,0.33,التركي
0.395979,0.990463,0.814311,إن

