conf,end,start,word
1.0,0.964433,0.0,الجزيرة
0.715041,1.023573,0.964433,في
0.261914,1.17,1.023573,اليمن

