conf,end,start,word
0.497663,0.280017,0.03,مراسل
1.0,0.84,0.280017,الجزيرة
0.919178,1.14,0.84,أن

