conf,end,start,word
0.995573,0.359904,0.03,مراسل
1.0,0.81,0.359904,الجزيرة

