conf,end,start,word
1.0,0.36,0.03,قناة
1.0,0.81,0.36,الجزيرة
0.957593,0.960163,0.81,في
0.67711,1.17,0.960163,قطر

