conf,end,start,word
0.959285,0.296856,0.03,قناة
1.0,0.84,0.296856,الجزيرة

