conf,end,start,word
0.581687,0.39,0.03,مراسل
0.998465,0.75,0.402569,الجزيرة
0.852432,0.96191,0.75,بأن

