conf,end,start,word
0.99432,0.329974,0.03,مراسل
1.0,0.813593,0.329974,الجزيرة

