conf,end,start,word
0.982238,0.36,0.03,مراسل
1.0,0.78,0.360533,الجزيرة
0.422834,0.961049,0.78,إن

