conf,end,start,word
1.0,0.81117,0.0,الجزيرة
0.608091,0.981371,0.81117,أن

