conf,end,start,word
0.971853,0.355608,0.03,مع
1.0,0.780497,0.355608,الجزيرة
0.804241,1.065056,0.780497,قال

