conf,end,start,word
1.0,0.87,0.0,الجزيرة
0.861782,1.017756,0.87,في
0.342967,1.17,1.02,ليبيا

