conf,end,start,word
1.0,0.824301,0.0,الجزيرة
0.424337,1.135114,0.84,قال

