conf,end,start,word
0.516739,0.39,0.03,مراسل
1.0,0.78,0.39,الجزيرة
0.739487,1.008264,0.78,بأن

