conf,end,start,word
0.99269,0.39,0.03,مراسل
1.0,0.78,0.39,الجزيرة
0.615444,1.01409,0.78,بأن

