conf,end,start,word
1.0,0.3,0.03,قناة
1.0,0.87,0.3,الجزيرة
0.79312,1.022757,0.870229,في

