conf,end,start,word
0.991665,0.328946,0.03,مراسل
1.0,0.81,0.328946,الجزيرة
1.0,0.93,0.81,في
1.0,1.139604,0.93,اليمن

