conf,end,start,word
0.981926,0.298136,0.03,قناة
1.0,0.81,0.298136,الجزيرة

