conf,end,start,word
1.0,0.893648,0.0,الجزيرة
0.723118,1.109056,0.9,إن

