conf,end,start,word
0.792482,0.329929,0.03,مراسل
1.0,0.84,0.329929,الجزيرة
0.95026,1.015268,0.84,أن

