conf,end,start,word
1.0,0.840007,0.0,الجزيرة
0.998239,0.96,0.840007,في
0.998239,1.14,0.96,اليمن

