conf,end,start,word
0.993994,0.299422,0.03,مع
1.0,0.87,0.299422,الجزيرة

