conf,end,start,word
0.986478,0.360474,0.03,مراسل
0.982907,0.809771,0.360474,الجزيرة
0.774811,0.93,0.81,أن

