conf,end,start,word
0.971735,0.326455,0.03,مراسل
1.0,0.81,0.326455,الجزيرة
0.993533,0.98792,0.81,في
0.196776,1.17,0.99,حلب

