conf,end,start,word
0.706865,0.42,0.03,مراسل
0.994369,0.77178,0.42,الجزيرة

