conf,end,start,word
0.98943,0.36,0.03,مراسل
1.0,0.78,0.360317,الجزيرة
1.0,0.9,0.78,في
0.977094,1.16741,0.9,اليمن

