conf,end,start,word
0.957264,0.39,0.03,قوات
1.0,0.78,0.39,الجيش
0.953765,1.128206,0.78,الوطني

