conf,end,start,word
0.986683,0.449552,0.21,قال
1.0,0.69,0.449552,الجيش
1.0,1.14,0.69,الأميركي

