conf,end,start,word
0.940351,0.449663,0.33,في
0.976088,0.720031,0.449663,الجيش
0.998377,1.166031,0.720031,الوطني

