conf,end,start,word
0.999088,0.78,0.0,الجيش
0.389805,0.963784,0.81,إلى

