conf,end,start,word
0.966897,0.75,0.420835,الجيش
0.964882,1.135962,0.75,الوطني

