conf,end,start,word
0.824303,0.36,0.0,أن
1.0,0.750029,0.36,الجيش
0.993855,1.09492,0.750029,السوري

