conf,end,start,word
0.520391,0.419429,0.03,قوات
1.0,0.72,0.419429,الجيش
1.0,1.169002,0.72,الإسرائيلي

