conf,end,start,word
0.997421,0.75,0.41184,الجيش
0.980776,1.169659,0.75,الوطني

