conf,end,start,word
0.854086,0.45,0.03,مواقع
1.0,0.72,0.45,الجيش
0.998677,1.164111,0.72,الوطني

