conf,end,start,word
0.955258,0.72,0.445203,الجيش
0.992913,1.167844,0.72,الأميركي

