conf,end,start,word
0.960249,0.750267,0.392985,الجيش
0.984183,1.16903,0.750267,الوطني

