conf,end,start,word
0.672403,0.550052,0.144785,الجيش
0.336277,0.878667,0.550052,الجيش

