conf,end,start,word
1.0,0.33,0.0,أن
1.0,0.780895,0.33,الجيش
0.884233,1.14,0.780895,الإسرائيلي

