conf,end,start,word
1.0,0.750844,0.39,الجيش
0.945641,1.137544,0.750844,الوطني

