conf,end,start,word
0.586,0.45,0.24,إن
1.0,0.720094,0.45,الجيش
0.99479,1.126425,0.720094,الوطني

