conf,end,start,word
0.942098,0.39,0.03,قوات
1.0,0.72,0.39,الجيش
0.943331,1.105941,0.72,الوطني

