conf,end,start,word
0.589945,0.265298,0.03,قوات
1.0,0.84,0.265298,الجيش

