conf,end,start,word
0.975823,0.329906,0.03,باسم
1.0,0.75,0.329906,الحكومة
0.986864,1.08,0.75,اليمنية

