conf,end,start,word
0.946878,0.269777,0.03,رئيس
1.0,0.87,0.269777,الحكومة

