conf,end,start,word
0.963742,0.78,0.043728,الحكومة
0.951883,1.100995,0.78,اليمنية

