conf,end,start,word
0.99837,0.335032,0.03,رئيس
0.723344,0.81,0.335032,الحكومة

