conf,end,start,word
1.0,0.330097,0.03,رئيس
0.994853,0.84,0.330097,الحكومة

