conf,end,start,word
1.0,0.360115,0.03,رئيس
0.993142,0.78,0.360115,الحكومة

