conf,end,start,word
0.696493,0.299559,0.0,أن
1.0,0.81,0.299559,الحكومة
1.0,1.14,0.81,اليمنية

