conf,end,start,word
0.964587,0.81,0.050857,الحوثي
0.879008,1.165129,0.81,وقوات

