conf,end,start,word
0.955017,0.838102,0.356861,الحوثي

