conf,end,start,word
0.990759,0.78,0.323762,الحوثي
0.935763,1.051134,0.78,وقوات
0.789483,1.17,1.051134,صالح

