conf,end,start,word
0.995683,0.827955,0.074739,الحوثي

