conf,end,start,word
0.997383,0.81,0.001379,الحوثي
0.600343,1.08,0.81,إن

