conf,end,start,word
0.974944,0.78,0.130828,الحوثي
0.95868,0.929972,0.78,في
0.20095,1.109899,0.959899,اليمن

