conf,end,start,word
0.892407,0.3,0.03,وزير
1.0,0.810038,0.30253,الخارجية
0.513534,1.17,0.810038,الأميركية

