conf,end,start,word
0.986191,0.832282,0.006655,الخارجية
0.406067,1.17,0.84,الإسرائيلي

