conf,end,start,word
0.894938,0.319276,0.030449,وزارة
1.0,0.81,0.319276,الخارجية
1.0,1.17,0.81,الأميركية

