conf,end,start,word
0.986789,0.33,0.03,وزير
1.0,0.84,0.330396,الخارجية
0.540352,1.17,0.84,الأميركي

