conf,end,start,word
0.948639,0.299369,0.03,وزير
1.0,0.84,0.299369,الخارجية
0.557087,1.17,0.84,الأميركية

