conf,end,start,word
0.839146,0.328223,0.03,من
1.0,0.84,0.328223,الخارجية
0.97721,1.17,0.84,السعودية

