conf,end,start,word
0.869042,0.320698,0.03,وزارة
1.0,0.810056,0.320698,الخارجية
0.908328,1.121976,0.810056,اليمنية

