conf,end,start,word
0.761148,0.39,0.03,وزير
0.995631,0.75,0.39,الخارجية
0.733152,1.13802,0.75,السعودية

