conf,end,start,word
0.958464,0.300047,0.03,وزير
0.997732,0.840034,0.300047,الخارجية
0.578671,1.17,0.840034,السعودية

