conf,end,start,word
0.997051,0.36,0.03,وزير
0.993945,0.78,0.36,الخارجية
0.747662,1.17,0.78,السعودية

