conf,end,start,word
0.978286,0.36,0.03,وزير
0.987242,0.81,0.36,الخارجية
0.898439,1.17,0.81,الأميركي

