conf,end,start,word
1.0,0.390334,0.03,وزير
0.978568,0.780107,0.390334,الخارجية
0.883139,1.060353,0.780107,الإيراني

