conf,end,start,word
0.99404,0.27,0.03,وزير
1.0,0.87,0.270179,الخارجية
0.874617,1.14,0.87,التركي

