conf,end,start,word
0.969659,0.267682,0.03,باسم
1.0,0.87,0.267682,الخارجية
0.434119,1.17,0.87,الأميركية

