conf,end,start,word
1.0,0.39,0.03,وزارة
1.0,0.780637,0.39,الدفاع
0.65407,1.169634,0.780637,العراقية

