conf,end,start,word
1.0,0.36,0.03,وزير
1.0,0.750031,0.36,الدفاع
0.997521,1.034371,0.750031,التركي

