conf,end,start,word
1.0,0.39,0.03,وزارة
1.0,0.690039,0.39,الدفاع
0.986457,1.132452,0.690039,الأميركية

