conf,end,start,word
0.927678,0.42,0.03,وزير
0.711619,0.75,0.42,الدفاع
0.758371,1.106701,0.75,الأميركي

