conf,end,start,word
0.997217,0.36,0.03,وزارة
1.0,0.810856,0.36,الدفاع
0.617889,1.14,0.810856,العراقية

