conf,end,start,word
0.992603,0.33,0.03,وزير
1.0,0.769466,0.33,الدفاع
0.567005,1.138394,0.78,التركي

