conf,end,start,word
0.996454,0.42,0.03,وزير
1.0,0.72,0.42,الدفاع
0.955366,1.098846,0.72,الأميركي

