conf,end,start,word
0.968403,0.42,0.03,وزير
1.0,0.75,0.42,الدفاع
0.951301,1.158474,0.75,الأميركي

