conf,end,start,word
1.0,0.42,0.03,بأن
0.873823,0.72,0.42,الدولة
0.892265,1.101142,0.72,اليمنية

