conf,end,start,word
0.957871,0.329814,0.03,تنظيم
1.0,0.822216,0.329814,الدولة

