conf,end,start,word
0.953902,0.36,0.03,تنظيم
1.0,0.78,0.36,الدولة
0.880282,0.934816,0.78,في

