conf,end,start,word
0.493577,0.42,0.03,تنظيم
1.0,0.75,0.42,الدولة
0.897367,0.87,0.75,في

