conf,end,start,word
0.656926,0.443281,0.03,وزير
0.93687,0.778988,0.443281,الدولة

