conf,end,start,word
1.0,0.810031,0.06241,الدولة
0.961796,1.17,0.810031,الإسلامية

