conf,end,start,word
0.738972,0.251676,0.03,على
0.997138,0.85325,0.251676,الدولة

