conf,end,start,word
0.996262,0.39,0.030158,تنظيم
1.0,0.779797,0.39,الدولة

