conf,end,start,word
0.999311,0.389989,0.0,الأمن
0.923353,0.779923,0.389989,الدولي

