conf,end,start,word
0.93717,0.359604,0.0,الأمن
0.971076,0.78,0.359604,الدولي

