conf,end,start,word
0.992224,0.269776,0.0,الأمن
1.0,0.84,0.269776,الدولي

