conf,end,start,word
0.633465,0.268368,0.0,الأمن
1.0,0.839582,0.268368,الدولي

