conf,end,start,word
0.85203,0.33,0.0,الأمن
0.993368,0.75,0.333642,الدولي
0.935176,0.93,0.75,في

