conf,end,start,word
1.0,0.360007,0.0,الأمن
0.999556,0.75,0.360007,الدولي

