conf,end,start,word
0.89232,0.42,0.15,قال
1.0,0.72,0.420199,الرئيس
1.0,1.071869,0.72,التركي

