conf,end,start,word
0.974007,0.780868,0.45,الرئيس
0.920157,1.117619,0.780868,الإيراني

