conf,end,start,word
0.986513,0.420063,0.0,أن
0.995281,0.75,0.420063,الرئيس
0.548443,1.027999,0.75,السوري

