conf,end,start,word
0.964657,0.330048,0.0,أن
0.998461,0.78,0.330095,الرئيس
0.918302,1.109716,0.81,دونالد

