conf,end,start,word
1.0,0.45,0.18,قال
1.0,0.720085,0.45,الرئيس
0.986316,1.038777,0.720085,الأميركي

