conf,end,start,word
1.0,0.42,0.03,قال
0.987891,0.69,0.42,الرئيس
0.969722,1.095852,0.69,الأميركي

