conf,end,start,word
1.0,0.36,0.03,قال
1.0,0.728583,0.36,الرئيس
0.452409,1.17,0.728583,الأميركي

