conf,end,start,word
0.937003,0.439377,0.271271,مع
0.999722,0.72,0.439377,الرئيس
0.994475,1.032515,0.72,الإيراني

