conf,end,start,word
1.0,0.750011,0.359994,الرئيس
0.993973,1.095654,0.750011,الأميركي

