conf,end,start,word
1.0,0.750027,0.36,الرئيس
0.958131,1.14171,0.750027,الأميركي

