conf,end,start,word
0.983326,0.42,0.15,قال
0.990907,0.69,0.42,الرئيس
0.943425,1.105423,0.69,الأميركي

