conf,end,start,word
0.56706,0.660487,0.440493,الرئيس
0.539071,1.064273,0.660487,الأميركي

