conf,end,start,word
0.998255,0.840004,0.0,السعودية
0.790528,1.013143,0.840004,على

