conf,end,start,word
0.997733,0.359863,0.15,أن
1.0,0.881049,0.359863,السعودية

