conf,end,start,word
0.532454,0.239589,0.03,مع
1.0,0.9,0.239589,السعودية

