conf,end,start,word
0.674299,0.72,0.42,السلام
1.0,0.990114,0.72,عليكم
0.997868,1.14,0.990114,ورحمة

