conf,end,start,word
0.969961,0.297134,0.03,من
1.0,0.87,0.297134,السعودية

