conf,end,start,word
0.98522,0.78,0.36,السلام
1.0,1.0287,0.78,عليكم
0.724001,1.17,1.0287,ورحمة

