conf,end,start,word
0.991174,0.84,0.002989,السعودية
0.31513,1.049018,0.84,إن

