conf,end,start,word
0.961184,0.78,0.39,السلام
1.0,0.99368,0.78,عليكم
0.849083,1.14,0.99368,ورحمة

