conf,end,start,word
0.90898,0.75,0.0,السلام
0.98895,1.021586,0.75,عليكم
0.914971,1.17,1.021586,ورحمة

