conf,end,start,word
1.0,0.780028,0.04105,السلام
0.994766,0.942601,0.780028,مع

