conf,end,start,word
0.997074,0.72,0.0,السلام
1.0,0.990195,0.72,عليكم
0.99729,1.17,0.990195,ورحمة

