conf,end,start,word
0.990044,0.799686,0.33,السلام
0.431435,1.17,1.02,عليكم

