conf,end,start,word
0.989615,0.78,0.39,السلام
1.0,1.023993,0.78,عليكم
0.822234,1.17,1.023993,ورحمة

