conf,end,start,word
0.990936,0.329895,0.03,عبد
1.0,0.81,0.329895,السلام

