conf,end,start,word
0.985065,0.75,0.209271,السلام
1.0,1.109513,0.75,عليكم

