conf,end,start,word
0.987105,0.75,0.0,السلام
1.0,1.02016,0.75,عليكم
0.992517,1.17,1.02016,ورحمة

