conf,end,start,word
0.986629,0.75,0.42,السلام
0.996645,1.080204,0.75,عليكم

