conf,end,start,word
1.0,0.75,0.0,السلام
1.0,1.022979,0.75,عليكم
0.858174,1.17,1.022979,ورحمة

