conf,end,start,word
0.992564,0.75,0.0,السلام
1.0,1.023556,0.75,عليكم
0.830024,1.17,1.023556,ورحمة

