conf,end,start,word
0.978332,0.75,0.225313,السلام
1.0,1.107575,0.75,عليكم

