conf,end,start,word
0.998125,0.329753,0.03,عبد
1.0,0.78,0.329753,السلام

