conf,end,start,word
0.843955,0.75,0.42,السلام
1.0,1.020411,0.75,عليكم
0.98077,1.17,1.020411,ورحمة

