conf,end,start,word
0.985697,0.78,0.39,السلام
1.0,1.030864,0.78,عليكم
0.649233,1.17,1.030864,ورحمة

