conf,end,start,word
0.964573,0.75,0.419553,السلام
1.0,1.090256,0.75,عليكم

