conf,end,start,word
0.661144,0.300181,0.0,الله
0.513191,0.75,0.300181,السلام
1.0,1.11,0.75,عليكم

