conf,end,start,word
0.618341,0.72,0.42,السلام
1.0,1.024153,0.72,عليكم
0.57284,1.17,1.024153,ورحمة

