conf,end,start,word
0.997748,0.75,0.0,السلام
1.0,1.025806,0.75,عليكم
0.712571,1.17,1.025806,ورحمة

