conf,end,start,word
0.984539,0.75,0.39,السلام
1.0,1.020922,0.75,عليكم
0.956726,1.17,1.020922,ورحمة

