conf,end,start,word
0.84395,0.75,0.39,السلام
1.0,1.020031,0.75,عليكم
0.997125,1.17,1.020031,ورحمة

