conf,end,start,word
0.981541,0.75,0.36,السلام
1.0,0.995113,0.75,عليكم
0.833852,1.14,0.995113,ورحمة

