conf,end,start,word
0.40564,0.293192,0.0,المعارضة
0.754511,0.84,0.293192,السورية

