conf,end,start,word
0.957115,0.45,0.0,الحوثي
0.941288,0.99,0.45,وقوات
0.929716,1.14,1.02,صالح

