conf,end,start,word
0.899523,0.811538,0.045089,السورية
0.621948,1.034309,0.811538,مع

