conf,end,start,word
0.761277,0.84,0.24,السورية
0.581521,1.019866,0.84,أن

