conf,end,start,word
0.869816,0.329945,0.0,النظام
0.945496,0.81,0.329945,السوري

