conf,end,start,word
0.961377,0.358457,0.0,المقاومة
1.0,0.81,0.358457,الشعبية
1.0,1.134504,0.81,اليمنية

