conf,end,start,word
1.0,0.839133,0.3,الشعبية
0.967201,0.988799,0.84,في

