conf,end,start,word
1.0,0.840024,0.096206,الشعبية
0.983797,1.17,0.840024,اليمنية

