conf,end,start,word
0.998956,0.81,0.000467,الشعبية
0.983193,0.988776,0.810291,في

