conf,end,start,word
0.991213,0.840914,0.004795,الشعبية
0.719871,0.948959,0.840914,من

