conf,end,start,word
0.829743,0.388721,0.0,المقاومة
1.0,0.78,0.388721,الشعبية
1.0,1.168673,0.78,اليمنية

