conf,end,start,word
1.0,0.900096,0.0,الشعبية
0.957753,1.01989,0.900096,في
0.389966,1.17,1.02,اليمن

