conf,end,start,word
0.95197,0.329269,0.0,المقاومة
0.982495,0.84,0.329269,الشعبية

