conf,end,start,word
0.999486,0.87,0.0,الشعبية
0.792005,0.990589,0.87,من

