conf,end,start,word
0.999267,0.87,0.0,الشعبية
0.875393,0.98672,0.87,في

