conf,end,start,word
0.635491,0.319842,0.0,المقاومة
0.898365,0.78,0.319842,الشعبية

