conf,end,start,word
0.984946,0.844309,0.005077,الشعبية
0.498681,1.14,0.87,اليمنية

