conf,end,start,word
0.526178,0.309099,0.0,المقاومة
0.971565,0.78,0.309099,الشعبية

