conf,end,start,word
0.99169,0.81,0.034551,الشعبية
0.998774,0.90014,0.81,في
0.992556,1.168292,0.90014,اليمن

