conf,end,start,word
0.672826,0.244308,0.0,أن
1.0,0.84,0.244308,العراق

