conf,end,start,word
0.979627,0.329765,0.03,من
1.0,0.81,0.329765,العراق

