conf,end,start,word
0.995552,0.269669,0.03,في
1.0,0.9,0.269669,العراق

