conf,end,start,word
0.72709,0.299207,0.03,في
0.996502,0.81,0.299207,العراق

