conf,end,start,word
0.985545,0.298507,0.03,في
1.0,0.81,0.298507,العراق

