conf,end,start,word
0.993831,0.389411,0.272604,في
1.0,0.75,0.389411,العراق
0.747022,0.900206,0.75,إن

