conf,end,start,word
0.996697,0.359661,0.18,في
1.0,0.81,0.359661,العراق
0.976927,1.109611,0.84,قال

