conf,end,start,word
0.978056,0.840876,0.031392,العراق
0.78855,1.08,0.840876,إن

