conf,end,start,word
0.97193,0.328206,0.21,في
1.0,0.820344,0.328206,العراق

