conf,end,start,word
0.979567,0.358648,0.24,في
0.999697,0.783466,0.358648,العراق
0.494101,1.020967,0.81,قالت

