conf,end,start,word
0.990784,0.42,0.27,في
0.991631,0.792449,0.42,العراق

