conf,end,start,word
0.564243,0.240711,0.03,مع
1.0,0.87,0.240711,العراق

