conf,end,start,word
0.990112,0.749811,0.005213,العراق

