conf,end,start,word
0.995749,0.389517,0.24,في
1.0,0.753023,0.389517,العراق
0.9656,0.931394,0.78,قال

