conf,end,start,word
0.97979,0.419759,0.27211,في
0.992698,0.75,0.419759,العراق

