conf,end,start,word
1.0,0.42,0.3,في
1.0,0.751241,0.42,العراق
0.986211,0.952236,0.78,قال

