conf,end,start,word
0.979538,0.871325,0.168198,العراق

