conf,end,start,word
0.97045,0.359345,0.095218,في
1.0,0.81,0.359345,العراق

