conf,end,start,word
0.99367,0.87,0.033131,العراقية
0.555745,1.038927,0.87,إن

