conf,end,start,word
0.998502,0.840002,0.121754,العراقية
0.47565,0.973065,0.840002,أن

