conf,end,start,word
0.990636,0.899936,0.008382,العراقية
0.873912,1.019358,0.90009,في

