conf,end,start,word
0.67258,0.443351,0.3,إلى
0.991586,0.72,0.443351,اللقاء

