conf,end,start,word
0.917075,0.354247,0.03,إلى
1.0,0.81,0.354247,اللقاء

