conf,end,start,word
0.979914,0.449402,0.3,إلى
0.997223,0.69,0.449402,اللقاء

