conf,end,start,word
0.721563,0.386705,0.061129,إلى
1.0,0.78,0.386705,اللقاء

