conf,end,start,word
0.913181,0.448214,0.33,إلى
1.0,0.75,0.448214,اللقاء

