conf,end,start,word
0.818535,0.419235,0.27,إلى
0.965132,0.72,0.419235,اللقاء

