conf,end,start,word
0.983131,0.329768,0.18,إلى
1.0,0.81,0.329768,اللقاء

