conf,end,start,word
0.946763,0.359836,0.27,إلى
1.0,0.78,0.359836,اللقاء

