conf,end,start,word
0.999376,0.78,0.3,اللقاء
0.993445,0.960072,0.78,مع
0.541258,1.17,0.960072,الرئيس

