conf,end,start,word
0.767831,0.42,0.252315,إلى
0.997288,0.75,0.421943,اللقاء

