conf,end,start,word
0.585609,0.205611,0.0,الله
0.840719,0.413934,0.205611,عبد
0.978477,0.72,0.413934,الله

