conf,end,start,word
0.674267,0.24,0.03,محمد
1.0,0.45,0.241216,عبد
0.913011,0.63,0.45,الله
1.0,0.99,0.63,صالح

