conf,end,start,word
0.981326,0.239731,0.03,علي
1.0,0.48,0.239731,عبد
0.994482,0.66,0.48,الله
1.0,1.11,0.66,صالح

