conf,end,start,word
0.766559,0.3,0.03,علي
1.0,0.48,0.3,عبد
0.941765,0.66,0.48,الله
1.0,1.079318,0.66,صالح

