conf,end,start,word
1.0,0.45,0.09,عبد
1.0,0.69,0.45,الله
1.0,0.989836,0.69,عبد
1.0,1.139672,0.989836,الله

