conf,end,start,word
0.856891,0.231335,0.0,الأمم
1.0,0.87,0.231335,المتحدة
0.624006,1.069832,0.87,إلى

