conf,end,start,word
0.944811,0.268895,0.00011,الأمم
1.0,0.818002,0.268895,المتحدة

