conf,end,start,word
0.991734,0.269535,0.0,الولايات
1.0,0.878508,0.269535,المتحدة

