conf,end,start,word
0.60084,0.25796,0.0,الأمم
1.0,0.87,0.25796,المتحدة
0.730837,0.967334,0.87,في

