conf,end,start,word
1.0,0.3,0.0,الأمم
1.0,0.87,0.3,المتحدة
0.984688,1.020005,0.87,إلى
0.595777,1.17,1.020005,اليمن

