conf,end,start,word
0.675262,0.24,0.0,الأمم
0.991774,0.875152,0.24,المتحدة

