conf,end,start,word
1.0,0.870068,0.013795,المتحدة
0.991217,1.17,0.870068,الأميركية

