conf,end,start,word
0.777531,0.317861,0.0,الولايات
1.0,0.81,0.317861,المتحدة
0.979044,1.138422,0.81,الأميركية

