conf,end,start,word
0.857164,0.269661,0.0,الأمم
0.91959,0.93,0.269661,المتحدة

