conf,end,start,word
1.0,0.900023,0.012033,المتحدث
0.937478,1.17,0.900023,باسم

