conf,end,start,word
0.500324,0.237053,0.03,قال
1.0,0.87,0.237053,المتحدث
0.981572,1.17,0.87,باسم

