conf,end,start,word
0.822021,0.87,0.0,المتحدث
0.975665,1.17,0.878758,باسم

