conf,end,start,word
0.647151,0.271321,0.06,قال
1.0,0.84,0.271321,المتحدث
0.987815,1.049236,0.84,باسم

