conf,end,start,word
0.712542,0.870088,0.0,المتحدث
0.845537,1.17,0.883278,باسم

