conf,end,start,word
0.766787,0.87,0.0,المتحدث
0.984998,1.17,0.883292,باسم

