conf,end,start,word
0.997072,0.84,0.049942,المتحدث
0.993761,1.167733,0.840177,باسم

