conf,end,start,word
0.646776,0.245341,0.03,قال
0.993494,0.84,0.245341,المتحدث
0.99751,1.17,0.84,باسم

