conf,end,start,word
0.992632,0.84,0.0,المتحدث
0.949875,1.164031,0.840233,باسم

