conf,end,start,word
0.989749,0.84,0.0,المتحدث
0.99184,1.138351,0.84031,باسم

