conf,end,start,word
0.950275,0.87,0.147021,المتحدث
0.988356,1.099732,0.871509,باسم

