conf,end,start,word
0.993871,0.87,0.0,المتحدث
0.995259,1.14,0.870185,باسم

