conf,end,start,word
0.992232,0.87,0.0,المتحدث
0.98468,1.14,0.870237,باسم

