conf,end,start,word
0.997268,0.9,0.333503,المتحدث
0.986293,1.17,0.900166,باسم

