conf,end,start,word
0.901727,0.84,0.001095,المتحدث
0.937253,1.137841,0.843167,باسم

