conf,end,start,word
0.808125,0.87,0.003953,المتحدث
0.980375,1.17,0.880824,باسم

