conf,end,start,word
0.779692,0.84,0.0,المتحدث
0.985495,1.14,0.840099,باسم

