conf,end,start,word
0.490092,0.9,0.010316,المتحدث
0.807067,1.169112,0.924924,باسم

