conf,end,start,word
0.606611,0.84,0.0,المتحدث
0.700797,1.14,0.859956,باسم

