conf,end,start,word
0.944709,0.81,0.021835,المتحدث
0.979123,1.14,0.81245,باسم

