conf,end,start,word
1.0,0.84,0.019588,المتحدث
0.978625,1.160411,0.84,باسم

