conf,end,start,word
1.0,0.3,0.09,قال
0.995243,0.84,0.3,المتحدث
0.986847,1.030691,0.840145,باسم

