conf,end,start,word
0.948313,0.87,0.048266,المتحدث
0.981031,1.14,0.870235,باسم

