conf,end,start,word
0.960494,0.84,0.002406,المتحدث
0.900045,1.157232,0.841257,باسم

