conf,end,start,word
0.979761,0.901686,0.0,المتحدث
0.842576,1.109214,0.901686,باسم

