conf,end,start,word
0.988523,0.87,0.001821,المتحدث
0.961708,1.169846,0.870716,باسم

