conf,end,start,word
1.0,0.87,0.05983,المتحدث
0.570138,1.130563,0.87,باسم

