conf,end,start,word
1.0,0.84,0.009477,المتحدث
0.985428,1.089443,0.84,باسم

