conf,end,start,word
0.96394,0.87,0.0,المتحدث
0.975763,1.14,0.870983,باسم

