conf,end,start,word
0.997861,0.9,0.110841,المتحدث
0.400048,1.08,0.96,باسم

