conf,end,start,word
0.991916,0.9,0.0,المتحدث
0.945202,1.169003,0.900401,باسم

