conf,end,start,word
0.910605,0.291646,0.03,مع
1.0,0.87,0.291646,المعارضة

