conf,end,start,word
0.844003,0.261178,0.030467,إلى
0.970016,0.929107,0.261178,المعارضة
0.96726,1.17,0.93,السورية

