conf,end,start,word
0.50396,0.295632,0.001327,أن
1.0,0.87,0.295632,المعارضة
0.998309,1.14,0.87,السورية

