conf,end,start,word
0.994173,0.239651,0.03,من
1.0,0.87,0.239651,المعارضة
1.0,1.169065,0.87,السورية

