conf,end,start,word
0.991195,0.872817,0.0,المعارضة
0.405268,1.04494,0.872817,على

