conf,end,start,word
0.995455,0.299562,0.03,مع
1.0,0.87,0.299562,المعارضة
0.968237,1.14,0.87,السورية

