conf,end,start,word
0.933404,0.297756,0.0,أن
1.0,0.87,0.297756,المعارضة
0.996772,1.14,0.87,السورية

