conf,end,start,word
0.928163,0.293532,0.030491,قوات
1.0,0.81,0.293532,المعارضة
0.998218,1.0951,0.81,السورية

