conf,end,start,word
0.93229,0.321947,0.03,قالت
1.0,0.84,0.321947,المعارضة
1.0,1.107584,0.84,السورية

