conf,end,start,word
0.999332,0.87,0.0,المعارضة
0.721657,0.950437,0.87,من
0.242631,1.14,0.96,مدينة

