conf,end,start,word
0.94934,0.23911,0.0,أن
1.0,0.930352,0.23911,المعارضة
0.934196,1.17,0.930352,السورية

