conf,end,start,word
0.632412,0.36,0.030401,قوات
1.0,0.81,0.36,المعارضة
0.996528,1.083135,0.81,السورية

