conf,end,start,word
0.948455,0.323597,0.03,من
1.0,0.81,0.323597,المعارضة
1.0,1.131187,0.81,السورية

