conf,end,start,word
0.889543,0.262358,0.03107,من
1.0,0.84,0.262358,المقاومة
1.0,1.169402,0.84,الشعبية

