conf,end,start,word
0.999452,0.269955,0.0,أن
1.0,0.891712,0.269955,المقاومة

