conf,end,start,word
0.523714,0.300002,0.03,قالت
1.0,0.78,0.300002,المقاومة
1.0,1.084175,0.78,الشعبية

