conf,end,start,word
0.99302,0.299313,0.03,مع
0.97699,0.87,0.299313,المقاومة
0.99007,1.169467,0.87,الشعبية

