conf,end,start,word
0.84668,0.311726,0.03,مع
1.0,0.81,0.311726,المقاومة
1.0,1.167313,0.81,الشعبية

