conf,end,start,word
0.971215,0.299264,0.03,باسم
1.0,0.81,0.299264,المقاومة
1.0,1.169791,0.81,الشعبية

