conf,end,start,word
0.486637,0.244902,0.001086,أن
0.998743,0.9,0.244902,المقاومة
1.0,1.17,0.9,الشعبية

