conf,end,start,word
0.992601,0.269431,0.03,مع
1.0,0.87,0.269431,المقاومة
0.940318,1.14,0.87,الشعبية

