conf,end,start,word
0.930427,0.322191,0.03,مع
0.979734,0.84,0.322191,المقاومة
1.0,1.14,0.84,الشعبية

