conf,end,start,word
0.542716,0.298966,0.03,بأن
0.998375,0.87,0.298966,المقاومة
1.0,1.169645,0.87,الشعبية

