conf,end,start,word
0.936885,0.322198,0.03,مع
1.0,0.81,0.322198,المقاومة
1.0,1.164225,0.81,الشعبية

