conf,end,start,word
0.506908,0.299285,0.001531,أن
0.940585,0.87013,0.299285,المقاومة
0.988115,1.169377,0.87013,الشعبية

