conf,end,start,word
0.949553,0.876729,0.039513,المقاومة
0.617663,1.04545,0.899734,من

