conf,end,start,word
0.99811,0.329784,0.06,مع
1.0,0.84,0.329784,المقاومة
1.0,1.17,0.84,الشعبية

