conf,end,start,word
0.993637,0.269512,0.03,مع
1.0,0.870518,0.269512,المقاومة
0.887378,1.033331,0.870518,في

