conf,end,start,word
0.703881,0.326244,0.03,بأن
1.0,0.84,0.326244,المقاومة
1.0,1.17,0.84,الشعبية

