conf,end,start,word
0.937587,0.294164,0.03,مع
1.0,0.84,0.294164,المقاومة
1.0,1.17,0.84,الشعبية

