conf,end,start,word
0.97255,0.326682,0.03,مع
1.0,0.84,0.326682,المقاومة
1.0,1.14,0.84,الشعبية

