conf,end,start,word
0.971716,0.238565,0.0,أن
1.0,0.9,0.238565,المقاومة
0.979689,1.14,0.9,الشعبية

