conf,end,start,word
0.999282,0.9,0.0,المقاومة
0.785639,1.030971,0.900283,في

