conf,end,start,word
0.792505,0.998311,0.87,إلى
0.545801,1.17,0.998311,اللقاء

