conf,end,start,word
0.969587,0.995927,0.87,إلى
0.706781,1.17,0.995927,اللقاء

