conf,end,start,word
0.949301,0.960427,0.87,إلى
0.982884,1.14,0.960427,اللقاء

