conf,end,start,word
0.997524,0.39,0.03,طائرات
1.0,0.75,0.39,النظام
0.996517,1.049842,0.75,السوري

