conf,end,start,word
0.597537,0.414987,0.0,المتحدة
0.962161,0.75,0.414987,النظام
0.995356,1.043554,0.75,السوري

