conf,end,start,word
0.901346,0.325928,0.031313,قوات
1.0,0.81,0.325928,النظام
0.875754,1.14,0.81,على

