conf,end,start,word
0.99781,0.359636,0.0,أن
1.0,0.78,0.359636,النظام
0.996676,1.147137,0.78,السوري

