conf,end,start,word
1.0,0.81,0.330172,النظام
0.989118,1.160801,0.81,السوري

