conf,end,start,word
0.96972,0.448682,0.0,أن
0.995618,0.75,0.448682,النظام
1.0,1.11804,0.75,السوري

