conf,end,start,word
0.943133,0.39,0.030465,قوات
1.0,0.75,0.39,النظام
1.0,1.166601,0.75,السوري

