conf,end,start,word
0.933816,0.32693,0.03,قوات
1.0,0.84,0.32693,النظام
0.368722,1.033616,0.84,على

