conf,end,start,word
0.94275,0.359618,0.033137,قوات
1.0,0.81,0.359618,النظام

