conf,end,start,word
0.968768,0.45,0.030464,قوات
1.0,0.72,0.45,النظام
1.0,1.026519,0.72,السوري

