conf,end,start,word
0.951244,0.75,0.405874,النظام
1.0,1.137996,0.75,السوري

