conf,end,start,word
0.9733,0.42,0.030429,قوات
1.0,0.75,0.42,النظام
0.997411,1.075923,0.75,السوري

