conf,end,start,word
0.810757,0.42,0.030268,قوات
1.0,0.75,0.42,النظام
1.0,1.135352,0.75,السوري

