conf,end,start,word
0.668551,0.328166,0.06,قوات
1.0,0.84,0.328166,النظام

