conf,end,start,word
0.729076,0.264329,0.03,قال
0.548192,0.36,0.264329,إن
0.998185,0.800588,0.36,النظام
0.255053,1.163029,0.970531,السوري

