conf,end,start,word
0.920013,0.36,0.031148,قوات
1.0,0.81,0.36,النظام
0.97908,1.132495,0.81,السوري

