conf,end,start,word
0.983223,0.390042,0.03,طائرات
0.997272,0.75,0.390042,النظام
0.898276,0.989376,0.75,على

