conf,end,start,word
0.982743,0.42,0.030518,قوات
1.0,0.75,0.420518,النظام
1.0,1.137583,0.75,السوري

