conf,end,start,word
0.75171,0.310408,0.03,قوات
1.0,0.81,0.310408,النظام

