conf,end,start,word
0.939552,0.357886,0.03,قوات
1.0,0.75,0.357886,النظام
0.99555,1.091148,0.75,السوري

