conf,end,start,word
0.934767,0.358135,0.030856,قوات
1.0,0.78,0.358135,النظام
1.0,1.14,0.78,السوري

