conf,end,start,word
0.601494,0.291221,0.03,قوات
0.998183,0.84,0.291221,النظام

