conf,end,start,word
0.916759,0.355369,0.03048,قوات
1.0,0.81,0.355369,النظام

