conf,end,start,word
0.945988,0.300085,0.030733,رئيس
0.99596,0.84,0.300085,الوزراء

