conf,end,start,word
0.835954,0.329963,0.03,رئيس
1.0,0.81,0.329963,الوزراء

