conf,end,start,word
0.994354,0.33,0.03,رئيس
1.0,0.78,0.33,الوزراء
0.717969,1.102396,0.78,وزير

