conf,end,start,word
0.998587,0.36,0.03,رئيس
1.0,0.81,0.36,الوزراء
0.522241,1.053827,0.81,وزير

