conf,end,start,word
0.993942,0.42,0.044025,رئيس
1.0,0.78,0.42,الوزراء
0.993771,1.057388,0.78,التركي

