conf,end,start,word
0.990601,0.36,0.060249,رئيس
1.0,0.934711,0.36,الوزراء

