conf,end,start,word
0.976753,0.32935,0.03,مجلس
1.0,0.810088,0.32935,الوزراء
0.63862,0.989373,0.810088,إلى
0.426863,1.11,0.989771,أن

