conf,end,start,word
0.995688,0.33,0.03,رئيس
1.0,0.84,0.33,الوزراء
0.99369,1.165015,0.84,التركي

