conf,end,start,word
0.990039,0.39,0.060572,رئيس
0.997912,0.75,0.39,الوزراء

