conf,end,start,word
0.841773,0.257606,0.0,الجيش
1.0,0.84,0.257606,الوطني

