conf,end,start,word
0.742305,0.224254,0.0,الجيش
1.0,0.87,0.224254,الوطني

