conf,end,start,word
1.0,0.81,0.118683,الوطني
0.99676,0.96,0.81,في
0.99242,1.139875,0.96,ليبيا

