conf,end,start,word
0.97063,0.33,0.0,الجيش
1.0,0.81,0.33,الوطني
0.938449,0.931194,0.81,من

