conf,end,start,word
0.38949,0.358745,0.0,أن
0.992336,0.78,0.358745,الولايات
1.0,1.164806,0.78,المتحدة

