conf,end,start,word
0.933028,0.26378,0.03,إلى
1.0,0.69,0.26378,الولايات
1.0,1.070155,0.69,المتحدة

