conf,end,start,word
0.810502,0.299811,0.06,إن
1.0,0.78,0.299811,الولايات
1.0,1.17,0.78,المتحدة

