conf,end,start,word
0.809912,0.308362,0.06,على
1.0,0.78,0.308362,الولايات
1.0,1.14,0.78,المتحدة

