conf,end,start,word
0.971227,0.479487,0.126455,مع
1.0,0.72,0.479487,الولايات
1.0,1.154866,0.72,المتحدة

