conf,end,start,word
0.983831,0.389954,0.0,أن
1.0,0.75,0.389954,الولايات
1.0,1.118361,0.75,المتحدة

