conf,end,start,word
0.747655,0.370589,0.27,في
1.0,0.78,0.370589,الولايات
1.0,1.163303,0.78,المتحدة

