conf,end,start,word
0.93983,0.354833,0.21,في
0.996099,0.78,0.354833,الولايات
1.0,1.17,0.78,المتحدة

