conf,end,start,word
0.982447,0.419832,0.227709,في
1.0,0.72,0.419832,الولايات
1.0,1.079993,0.72,المتحدة

