conf,end,start,word
0.850393,0.299859,0.03,إن
1.0,0.81,0.299859,الولايات
1.0,1.17,0.81,المتحدة

