conf,end,start,word
0.55438,0.299987,0.03,إن
1.0,0.81,0.299987,الولايات
1.0,1.167623,0.81,المتحدة

