conf,end,start,word
0.992149,0.359896,0.03,من
1.0,0.78,0.359896,الولايات
1.0,1.139076,0.78,المتحدة

