conf,end,start,word
0.746618,0.238026,0.03,قال
0.748514,0.389903,0.238026,إن
1.0,0.72,0.389903,الولايات
1.0,1.138763,0.72,المتحدة

