conf,end,start,word
0.654487,0.388969,0.243479,إن
1.0,0.72,0.388969,الولايات
1.0,1.152391,0.72,المتحدة

