conf,end,start,word
0.991494,0.328924,0.03,في
1.0,0.81,0.328924,الولايات
1.0,1.17,0.81,المتحدة

