conf,end,start,word
0.992464,0.418331,0.04827,في
1.0,0.75,0.418331,الولايات
1.0,1.133917,0.75,المتحدة

