conf,end,start,word
0.915207,0.298708,0.09,أن
1.0,0.84,0.298708,الولايات
1.0,1.167485,0.84,المتحدة

