conf,end,start,word
0.745305,0.325289,0.00144,أن
1.0,0.78,0.325289,الولايات
1.0,1.168269,0.78,المتحدة

