conf,end,start,word
0.990059,0.329885,0.03,من
1.0,0.81,0.329885,الولايات
1.0,1.17,0.81,المتحدة

