conf,end,start,word
0.987526,0.359411,0.18,في
0.993233,0.81,0.359411,الولايات
1.0,1.14,0.81,المتحدة

