conf,end,start,word
0.655359,0.314518,0.0,أن
1.0,0.84,0.314518,الولايات
1.0,1.14,0.84,المتحدة

