conf,end,start,word
0.900019,0.379346,0.24,في
1.0,0.75,0.379346,الولايات
1.0,1.132053,0.75,المتحدة

