conf,end,start,word
0.776276,0.386474,0.0,أن
1.0,0.75,0.386474,الولايات
1.0,1.163693,0.75,المتحدة

