conf,end,start,word
0.870304,0.417659,0.274694,في
1.0,0.75,0.417659,الولايات
1.0,1.137706,0.75,المتحدة

