conf,end,start,word
0.998802,0.35981,0.03,في
1.0,0.78,0.35981,اليمن

