conf,end,start,word
0.597585,0.268781,0.03,إلى
0.997886,0.78,0.268781,اليمن

