conf,end,start,word
0.990908,0.418608,0.211252,في
1.0,0.78,0.418608,اليمن

