conf,end,start,word
0.996343,0.389623,0.03,إلى
0.998273,0.75,0.389623,اليمن

