conf,end,start,word
0.532473,0.342411,0.248833,في
1.0,0.72,0.342411,اليمن

