conf,end,start,word
0.968817,0.356097,0.036852,إلى
0.995984,0.84,0.356097,اليمن

