conf,end,start,word
0.904614,0.290947,0.03,في
0.994301,0.81,0.290947,اليمن

