conf,end,start,word
0.995446,0.70969,0.344839,اليمن

