conf,end,start,word
1.0,0.72,0.366115,اليمن
0.989078,0.964475,0.72,إلى

