conf,end,start,word
0.99455,0.768343,0.300113,اليمن

