conf,end,start,word
0.998811,0.45,0.065282,إلى
0.998811,0.729126,0.45,اليمن

