conf,end,start,word
0.973442,0.357795,0.240232,في
1.0,0.75,0.357795,اليمن

