conf,end,start,word
0.9994,0.75617,0.168408,اليمن
0.301389,1.169296,0.75617,التحالف

