conf,end,start,word
0.78274,0.388675,0.242432,في
0.847725,0.75,0.388675,اليمن
0.958247,0.805262,0.75,في
0.327713,0.975458,0.805262,اليمن

