conf,end,start,word
0.935408,0.294411,0.0,الحكومة
1.0,0.780309,0.294411,اليمنية
0.95842,0.960082,0.780309,أن

