conf,end,start,word
0.990116,0.329909,0.0,الدولة
1.0,0.792957,0.329909,اليمنية

