conf,end,start,word
0.994381,0.960219,0.0,اليمنية
0.438957,1.059645,0.960219,من

