conf,end,start,word
0.998759,0.870187,0.000901,اليمنية
0.782361,1.035509,0.870187,إلى

