conf,end,start,word
0.991291,0.840956,0.0,اليمنية
0.774583,0.986049,0.840956,من

