conf,end,start,word
0.94298,0.33,0.0,الحكومة
0.996885,0.78,0.33,اليمنية
0.477505,1.018359,0.78,إن

