conf,end,start,word
0.772589,0.81,0.136952,اليمنية
0.618242,1.137725,0.811579,مجلس

