conf,end,start,word
0.912736,0.29328,0.03,قطر
0.968301,0.87,0.29328,اليمنية

