conf,end,start,word
0.99443,0.869041,0.009961,اليمنية
0.811639,1.042521,0.87,على

