conf,end,start,word
0.707987,0.326699,0.0,الحكومة
0.997425,0.816837,0.326699,اليمنية

