conf,end,start,word
0.960079,0.42,0.0,الجزيرة
1.0,0.75,0.42,بأن
0.96789,1.102495,0.75,قوات

