conf,end,start,word
0.940901,0.75,0.39,بأن
0.85984,1.102289,0.75,قوات

