conf,end,start,word
0.571419,0.419588,0.0,الجزيرة
0.969851,0.776018,0.419588,بأن

