conf,end,start,word
0.867422,0.42,0.0,الجزيرة
0.967075,0.7202,0.42,بأن
0.708491,1.163868,0.7202,المقاومة

