conf,end,start,word
0.996452,0.48,0.0,الجزيرة
0.864559,0.702101,0.48,بأن

