conf,end,start,word
1.0,0.45,0.0,اليمن
0.957044,0.69,0.45,بأن
0.850132,1.096038,0.69,المقاومة

