conf,end,start,word
1.0,0.48,0.0,الجزيرة
0.988607,0.690482,0.48,بأن
0.841428,1.121622,0.690482,المقاومة

