conf,end,start,word
0.659948,0.45,0.0,الجزيرة
0.912171,0.72,0.45,بأن
0.317341,1.136408,0.721602,طائرات

