conf,end,start,word
0.839208,0.720097,0.42,بأن
0.937933,1.17,0.720097,المقاومة

