conf,end,start,word
0.961849,0.42,0.0,المتحدة
0.989591,0.69,0.42,بأن
0.938279,1.129759,0.69,الحكومة

