conf,end,start,word
0.265809,0.39,0.0,المتحدث
0.863105,0.741865,0.424813,باسم

