conf,end,start,word
0.754178,0.45,0.0,المتحدث
0.974856,0.694167,0.450495,باسم
0.751004,1.067205,0.694167,الخارجية

