conf,end,start,word
1.0,0.72,0.398414,باسم
1.0,0.99092,0.72,وزارة
0.874412,1.17,0.99092,الدفاع

