conf,end,start,word
1.0,0.72,0.389523,باسم
0.987939,1.169477,0.72,الخارجية

