conf,end,start,word
0.693092,0.42,0.0,المتحدث
1.0,0.69,0.420246,باسم
1.0,0.975621,0.69,وزارة

