conf,end,start,word
0.798203,0.45,0.0,المتحدث
1.0,0.69,0.450579,باسم
1.0,0.990637,0.69,وزارة

