conf,end,start,word
0.611086,0.45,0.0,المتحدث
0.998791,0.75,0.45,باسم
0.997937,1.104155,0.75,مجلس

