conf,end,start,word
0.608522,0.42,0.0,المتحدث
1.0,0.66,0.420228,باسم
0.696069,1.002233,0.66,التحالف

