conf,end,start,word
1.0,0.39,0.0,أهلا
1.0,0.75,0.42,بكم
0.99086,1.026739,0.78,قالت
0.434641,1.17,1.026739,مصادر

