conf,end,start,word
0.997847,0.48,0.0,أهلا
0.982699,0.715598,0.48,بكم

