conf,end,start,word
0.976878,0.45,0.0,أهلا
0.998603,0.718569,0.45,بكم
0.865516,0.934438,0.72,إلى

