conf,end,start,word
1.0,0.45,0.18,أهلا
0.999233,0.69,0.45,بكم
0.839532,0.899736,0.69,إلى

