conf,end,start,word
0.999741,0.45,0.0,أهلا
0.996648,0.66,0.45,بكم
0.762181,0.840993,0.660505,إلى

