conf,end,start,word
1.0,0.42,0.0,أهلا
0.995656,0.689289,0.42,بكم
0.799334,0.840191,0.69,إلى

