conf,end,start,word
1.0,0.42,0.0,أهلا
1.0,0.72,0.42,بكم
0.682732,0.989928,0.75,قال

