conf,end,start,word
0.996857,0.42,0.09,أهلا
0.993301,0.66,0.42,بكم

