conf,end,start,word
1.0,0.42,0.09,أهلا
0.995991,0.69,0.42,بكم
0.72819,0.869701,0.69,إلى

