conf,end,start,word
1.0,0.45,0.0,أهلا
1.0,0.66,0.45,بكم
0.939047,0.81,0.66,إلى
0.689258,1.17,0.99,اللقاء

