conf,end,start,word
1.0,0.48,0.21,أهلا
0.999256,0.689795,0.48,بكم
0.876633,0.903869,0.69,إلى

