conf,end,start,word
1.0,0.42,0.15,أهلا
1.0,0.75,0.42,بكم
0.901109,0.986723,0.75,إلى

