conf,end,start,word
1.0,0.39,0.031332,من
1.0,0.78,0.39,تنظيم
0.991238,1.076701,0.78,الدولة

