conf,end,start,word
0.769917,0.78,0.345781,تنظيم
0.86716,1.123097,0.78,الدولة

