conf,end,start,word
0.828715,0.36,0.03,على
1.0,0.780075,0.36,تنظيم
0.99394,1.073298,0.780075,الدولة

