conf,end,start,word
1.0,0.780095,0.39,تنظيم
0.992716,1.078314,0.780095,الدولة

