conf,end,start,word
0.708633,0.291187,0.03,على
1.0,0.72,0.344959,تنظيم
1.0,0.901858,0.72,الدولة
0.955536,1.17,0.901858,الإسلامية

