conf,end,start,word
0.833325,0.418252,0.24,من
1.0,0.75,0.418252,تنظيم
1.0,1.103898,0.75,الدولة

