conf,end,start,word
0.985118,0.33,0.0,أن
1.0,0.81,0.36,تنظيم
0.997085,1.090488,0.81,الدولة

