conf,end,start,word
0.878165,0.36,0.0,أن
1.0,0.78,0.387449,تنظيم
1.0,1.130134,0.78,الدولة

