conf,end,start,word
0.742385,0.75,0.39,تنظيم
0.901274,1.106474,0.75,الدولة

