conf,end,start,word
0.862178,0.780526,0.33,تنظيم
0.980156,1.135846,0.780526,الدولة

