conf,end,start,word
0.856926,0.39,0.09,قال
1.0,0.78,0.392351,تنظيم
1.0,0.989925,0.78,الدولة
0.504718,1.049211,0.989925,في

