conf,end,start,word
0.975188,0.75,0.405436,تنظيم
1.0,1.060392,0.75,الدولة

