conf,end,start,word
0.681912,0.3,0.03,على
0.779702,0.75,0.321423,تنظيم
0.886676,1.109883,0.75,الدولة

