conf,end,start,word
0.994081,0.329948,0.12,من
1.0,0.84,0.329948,جهته
0.86799,1.077695,0.87,قال

