conf,end,start,word
0.984763,0.33,0.12,من
1.0,0.78,0.33,جهته
1.0,1.109495,0.81,قال

