conf,end,start,word
0.671062,0.3,0.21,من
1.0,0.78,0.3,جهته
0.923513,1.013492,0.81,قال

