conf,end,start,word
0.988767,0.39,0.24,من
0.626561,0.760936,0.39,جهته

