conf,end,start,word
0.538209,0.39,0.27,من
0.760678,0.75,0.39,جهته
0.821047,0.990115,0.777735,قال

