conf,end,start,word
0.689286,0.27,0.03,من
0.999231,0.81,0.3,جهته
0.904222,1.031915,0.84,قال

