conf,end,start,word
0.993487,0.36,0.15,من
0.693477,0.750035,0.36,جهته
0.698639,1.030872,0.78,قال

