conf,end,start,word
0.970504,0.93,0.214237,جهته
0.864942,1.16802,0.96,قال

