conf,end,start,word
0.926716,0.419183,0.27,من
0.884983,0.72,0.419183,جهته
0.92566,0.984169,0.75,قال

