conf,end,start,word
0.966823,0.3,0.03,من
1.0,0.84,0.3,جهته
0.981854,1.135841,0.87,قال

