conf,end,start,word
0.983325,0.36,0.18,من
1.0,0.75,0.36,جهته
0.994395,1.068926,0.78,قال

