conf,end,start,word
0.925267,0.42,0.27,من
0.744779,0.72,0.42,جهته
0.892945,0.952836,0.75,قال

