conf,end,start,word
0.923352,0.42,0.27,من
0.853335,0.72027,0.42,جهته
0.881219,0.987513,0.748606,قال

