conf,end,start,word
0.930848,0.3,0.09,من
1.0,0.81,0.3,جهته
1.0,1.109791,0.84,قال

