conf,end,start,word
0.9817,0.42,0.27,من
0.531227,0.690039,0.42,جهته
0.756877,0.979922,0.72,قال

