conf,end,start,word
0.996654,0.36,0.15,من
0.997455,0.780133,0.36,جهته
0.975145,1.031946,0.81,قال

