conf,end,start,word
0.9221,0.36,0.21,من
1.0,0.72,0.36,جهته
0.977215,0.965676,0.75,قال
0.612358,1.17,0.965676,وزير

