conf,end,start,word
0.98919,0.359897,0.15,من
0.997532,0.81,0.359897,جهته
0.849293,1.047561,0.84,قال

