conf,end,start,word
0.823209,0.42,0.3,من
0.998281,0.78,0.42,جهته
0.987145,0.99069,0.81,قال
0.208936,1.17,0.99069,وزير

