conf,end,start,word
0.960724,0.27,0.12,من
1.0,0.84,0.27,جهته
0.994288,1.107826,0.87,قال

