conf,end,start,word
1.0,0.33,0.03,من
0.997995,0.84,0.33,جهته
0.95941,1.107892,0.87,قال

