conf,end,start,word
0.835599,0.39,0.27,من
0.986269,0.75,0.39,جهته
0.965581,1.004932,0.78,قال

