conf,end,start,word
0.995521,0.27,0.03,من
1.0,0.9,0.27,جهته
0.979807,1.139037,0.93,قال

