conf,end,start,word
0.98798,0.39,0.24031,في
0.998116,0.749214,0.39,حلب

