conf,end,start,word
0.995709,0.39,0.241318,في
1.0,0.75,0.39,حلب

