conf,end,start,word
0.997419,0.39,0.212506,في
1.0,0.75,0.39,حلب

