conf,end,start,word
0.991788,0.36,0.034642,في
1.0,0.78,0.36,حلب

