conf,end,start,word
0.976544,0.390408,0.270139,في
0.984689,0.742275,0.390408,حلب

