conf,end,start,word
0.965266,0.39,0.03,مدينة
1.0,0.771334,0.390077,حلب

