conf,end,start,word
0.99688,0.36,0.180318,في
1.0,0.81,0.36,حلب

