conf,end,start,word
0.897019,0.387674,0.150751,في
1.0,0.78,0.387674,حلب

