conf,end,start,word
0.780196,0.36,0.0,الرئيس
1.0,0.69,0.396513,دونالد
0.996651,1.011323,0.69,ترامب

