conf,end,start,word
0.726526,0.386219,0.0,الأميركي
0.819251,0.72,0.393165,دونالد
0.731602,1.08,0.72,ترامب

