conf,end,start,word
0.966778,0.72,0.36768,دونالد
0.908576,1.02,0.72,ترامب

