conf,end,start,word
0.610326,0.389175,0.0,الأميركي
1.0,0.779754,0.389175,دونالد
0.686348,1.08,0.78,ترامب

