conf,end,start,word
0.68689,0.389866,0.0,الأميركي
1.0,0.75,0.389866,دونالد
0.85118,1.109487,0.75,ترامب

