conf,end,start,word
0.727239,0.42,0.03,رئيس
0.997004,0.69,0.42,دونالد
0.870275,1.02,0.69,ترامب

