conf,end,start,word
0.8383,0.42,0.0,الأميركي
1.0,0.72,0.422693,دونالد
0.931263,1.076373,0.72,ترامب

