conf,end,start,word
0.996799,0.78,0.361651,دونالد
0.76657,1.11,0.78,ترامب

