conf,end,start,word
0.456927,0.39,0.0,الرئيس
1.0,0.75,0.42,دونالد
0.964023,1.079184,0.75,ترامب

