conf,end,start,word
0.995733,0.39,0.0,الرئيس
1.0,0.69,0.42,دونالد
0.996719,0.991135,0.69,ترامب

