conf,end,start,word
0.98114,0.39,0.0,الرئيس
1.0,0.69,0.42,دونالد
0.993264,0.962045,0.69,ترامب

