conf,end,start,word
0.453563,0.419991,0.0,الأميركي
1.0,0.72,0.419991,دونالد
0.942344,0.93,0.72,ترامب

