conf,end,start,word
0.307815,0.389265,0.0,الأميركي
0.942312,0.72,0.404476,دونالد
0.875142,1.05,0.72,ترامب

