conf,end,start,word
0.757978,0.451274,0.0,الأميركي
0.712642,0.722702,0.451274,دونالد

