conf,end,start,word
0.874563,0.39,0.03,رئيس
1.0,0.75,0.419967,دونالد
0.974398,1.08,0.75,ترامب

