conf,end,start,word
0.88428,0.42,0.03,رئيس
1.0,0.69,0.450253,دونالد
0.979798,1.08,0.69,ترامب

