conf,end,start,word
0.889936,0.419954,0.0,الأميركي
1.0,0.75,0.419954,دونالد
0.98552,1.14,0.75,ترامب

