conf,end,start,word
0.975482,0.450689,0.0,الأميركي
0.859043,0.720982,0.450689,دونالد
0.715283,1.105284,0.951746,ترامب

