conf,end,start,word
0.283728,0.42,0.0,الأميركي
0.996836,0.69,0.42,دونالد
0.995202,1.105227,0.69,ترامب

