conf,end,start,word
0.50396,0.39,0.0,الأميركي
1.0,0.75,0.397292,دونالد
0.981042,1.078904,0.75,ترامب

