conf,end,start,word
0.998237,0.72,0.421731,رئيس
1.0,1.109953,0.72,الوزراء

