conf,end,start,word
1.0,0.36,0.06,قال
1.0,0.750081,0.42,رئيس
0.995156,1.165469,0.750081,الحكومة

