conf,end,start,word
0.95692,0.75,0.360999,رئيس
0.95692,1.17,0.75,الحكومة

