conf,end,start,word
0.972695,0.72,0.39,رئيس
0.990647,1.109865,0.72,الوزراء

