conf,end,start,word
0.997068,0.75,0.392407,رئيس
1.0,1.166368,0.75,الوزراء

