conf,end,start,word
0.998176,0.39,0.12,قال
1.0,0.69,0.390055,رئيس
1.0,1.040363,0.69,الوزراء

