conf,end,start,word
0.96893,0.206358,0.03,عبد
0.877709,0.39,0.206358,الله
1.0,0.81,0.39,صالح

