conf,end,start,word
0.96117,0.234255,0.03,عبد
0.920382,0.39,0.234255,الله
1.0,0.75,0.39,صالح

