conf,end,start,word
0.968935,0.234954,0.03,عبد
0.776498,0.42,0.234954,الله
1.0,0.78,0.42,صالح

