conf,end,start,word
0.868044,0.35817,0.0,الحوثي
0.939301,0.81,0.360012,صالح

