conf,end,start,word
1.0,0.33,0.0,الله
1.0,0.81,0.36,صالح
0.902633,0.986976,0.81,في

