conf,end,start,word
1.0,0.39,0.0,المخلوع
1.0,0.78,0.39,صالح
0.955054,0.87,0.78,في
0.926654,1.138306,0.87,اليمن

