conf,end,start,word
0.957207,0.36,0.03035,قوات
1.0,0.78,0.389923,صالح
0.932274,0.938038,0.78,في

