conf,end,start,word
0.941449,0.229581,0.03,عبد
0.747704,0.39,0.229581,الله
1.0,0.81,0.39,صالح

