conf,end,start,word
0.990545,0.39,0.051991,الله
1.0,0.779806,0.39,صالح

