conf,end,start,word
0.560482,0.148159,0.03,عبد
0.978619,0.329832,0.148159,الله
1.0,0.84,0.329832,صالح

