conf,end,start,word
0.677202,0.36,0.03,قوات
1.0,0.78,0.386473,صالح
0.73586,0.9,0.78,في

