conf,end,start,word
0.988348,0.238063,0.03,عبد
0.910228,0.36,0.238063,الله
1.0,0.81,0.36,صالح

