conf,end,start,word
0.996748,0.39,0.03,علي
1.0,0.78,0.39,صالح
0.913609,1.168743,0.81,قتلوا

