conf,end,start,word
0.911591,0.721356,0.36018,طائرات
0.48353,1.17,0.96,التحالف

