conf,end,start,word
0.993685,0.81,0.33,طائرات
0.985746,1.135811,0.81,النظام

