conf,end,start,word
1.0,0.36,0.0,أن
1.0,0.780251,0.36,طائرات
0.982623,1.169578,0.780251,التحالف

