conf,end,start,word
0.99545,0.78,0.360119,طائرات
0.99545,1.167134,0.78,التحالف

