conf,end,start,word
0.961525,0.36,0.002107,أن
1.0,0.810028,0.36,طائرات
0.997917,1.17,0.810028,التحالف

