conf,end,start,word
1.0,0.33,0.0,أن
1.0,0.810436,0.33,طائرات
0.98216,1.14,0.810436,التحالف

