conf,end,start,word
0.970155,0.81,0.330217,طائرات
0.938048,1.10767,0.81,النظام

