conf,end,start,word
0.697153,0.33,0.0,أن
1.0,0.84,0.33,طائرات
0.993993,1.139419,0.84,النظام

