conf,end,start,word
0.529958,0.359804,0.214616,من
0.610596,0.810235,0.36,طائرات
0.605221,1.17,0.810235,التحالف

