conf,end,start,word
0.572802,0.389983,0.0,أن
0.999677,0.780197,0.390223,طائرات
0.959264,0.998981,0.780197,النظام
0.348198,1.17,0.998981,السوري

