conf,end,start,word
0.986912,0.51,0.03,محمد
1.0,0.63,0.51,عبد
1.0,0.750132,0.63,الله
0.59601,1.17,1.05,صالح

