conf,end,start,word
1.0,0.33,0.030352,عبد
1.0,0.48,0.33,الله
1.0,0.63,0.48,عبد
1.0,0.810116,0.63,الله

