conf,end,start,word
1.0,0.33,0.0,المخلوع
1.0,0.48,0.33,علي
1.0,0.63,0.48,عبد
0.930087,0.75,0.63,الله
1.0,1.109707,0.75,صالح

