conf,end,start,word
1.0,0.45,0.03,علي
1.0,0.66,0.45,عبد
0.981587,0.84,0.66,الله
1.0,1.168234,0.84,صالح

