conf,end,start,word
1.0,0.48,0.210355,علي
1.0,0.66,0.48,عبد
0.980453,0.81,0.66,الله
1.0,1.169349,0.81,صالح

