conf,end,start,word
0.906562,0.898023,0.210652,عسكرية
0.923574,1.017978,0.9,في

