conf,end,start,word
0.890941,0.832215,0.271268,عسكرية

