conf,end,start,word
0.992582,0.9,0.03,عسكرية
0.972692,0.993334,0.9,في
0.118515,1.17,0.993334,البلاد

