conf,end,start,word
0.604813,0.329928,0.03,مصادر
0.830601,0.78,0.335501,عسكرية
0.424678,0.9,0.780331,إن

