conf,end,start,word
0.779929,0.826559,0.348291,عسكرية

