conf,end,start,word
0.952927,0.33,0.03,مصادر
1.0,0.810043,0.33,عسكرية
0.933024,1.17,0.810043,للجزيرة

