conf,end,start,word
0.659318,0.33,0.03,مصادر
0.818021,0.75,0.3307,عسكرية

