conf,end,start,word
1.0,0.510056,0.0,المخلوع
0.997603,0.69,0.510056,علي
1.0,1.11,0.69,صالح

