conf,end,start,word
1.0,0.75,0.42,علي
1.0,0.93,0.75,عبد
0.827651,1.050652,0.93,الله
0.963825,1.17,1.050652,صالح

