conf,end,start,word
1.0,0.48,0.0,المخلوع
1.0,0.69,0.48,علي
1.0,1.020538,0.81,عبد
0.954353,1.14,1.020538,الله

