conf,end,start,word
1.0,0.45,0.0,المخلوع
1.0,0.69,0.45,علي
1.0,0.87,0.69,عبد
0.953996,1.01931,0.87,الله
0.995259,1.17,1.01931,صالح

