conf,end,start,word
0.829241,0.380588,0.0,المخلوع
1.0,0.81,0.380588,علي
0.996488,1.14,0.84,صالح

