conf,end,start,word
1.0,0.48,0.0,المخلوع
1.0,0.69,0.48,علي
1.0,0.87,0.69,عبد
0.740195,0.990161,0.87,الله
0.993381,1.17,0.990161,صالح

