conf,end,start,word
1.0,0.48,0.0,المخلوع
1.0,0.69,0.48,علي
1.0,0.87,0.69,عبد
0.987484,1.019813,0.87,الله
1.0,1.17,1.019813,صالح

