conf,end,start,word
1.0,0.66,0.36,علي
1.0,0.9,0.66,عبد
0.851478,1.0232,0.9,الله
0.813365,1.14,1.0232,صالح

