conf,end,start,word
1.0,0.75,0.42,علي
1.0,0.935876,0.75,عبد
0.67771,1.051245,0.935876,الله
0.944556,1.17,1.051245,صالح

