conf,end,start,word
1.0,0.48,0.0,المخلوع
1.0,0.66,0.48,علي
1.0,0.81,0.66,عبد
0.945797,0.96,0.81,الله
0.99625,1.169566,0.960217,صالح

