conf,end,start,word
1.0,0.48,0.0,المخلوع
1.0,0.66,0.48,علي
1.0,0.87,0.66,عبد
0.90276,1.020213,0.87,الله
0.974915,1.17,1.020213,صالح

