conf,end,start,word
0.856544,0.42,0.0,السلام
1.0,0.75,0.42,عليكم
0.98279,0.990492,0.75,ورحمة
0.991944,1.111041,0.991041,الله

