conf,end,start,word
1.0,0.48,0.0,المخلوع
1.0,0.69,0.48,علي
1.0,0.937528,0.69,عبد
0.684634,1.052522,0.937528,الله
0.886119,1.17,1.052522,صالح

