conf,end,start,word
0.989619,0.42,0.0,السلام
1.0,0.78,0.42,عليكم
1.0,1.050138,0.78,ورحمة
0.985064,1.17,1.050138,الله

