conf,end,start,word
1.0,0.39,0.0,السلام
1.0,0.78,0.39,عليكم
1.0,1.050193,0.78,ورحمة
0.979042,1.17,1.050193,الله

