conf,end,start,word
1.0,0.42,0.0,السلام
1.0,0.72,0.42,عليكم
1.0,0.990121,0.72,ورحمة
0.993455,1.11,0.990121,الله

