conf,end,start,word
1.0,0.42,0.0,السلام
1.0,0.72,0.42,عليكم
1.0,1.050029,0.72,ورحمة
0.996388,1.17,1.050029,الله

