conf,end,start,word
0.998519,0.36,0.0,السلام
1.0,0.75,0.36,عليكم
0.995067,1.064394,0.75,ورحمة
0.520387,1.17,1.064394,الله

