conf,end,start,word
0.730319,0.42,0.0,السلام
1.0,0.75,0.42,عليكم
1.0,1.050181,0.75,ورحمة
0.978857,1.17,1.050181,الله

