conf,end,start,word
1.0,0.39,0.0,السلام
1.0,0.78,0.39,عليكم
1.0,1.020098,0.78,ورحمة
0.991549,1.17,1.020098,الله

