conf,end,start,word
1.0,0.39,0.0,السلام
1.0,0.72,0.39,عليكم
1.0,0.990199,0.72,ورحمة
0.991702,1.17,0.990199,الله

