conf,end,start,word
1.0,0.42,0.0,السلام
1.0,0.75,0.42,عليكم
0.993469,1.020418,0.75,ورحمة
0.974037,1.17,1.020418,الله

