conf,end,start,word
0.99414,0.33,0.0,السلام
1.0,0.81,0.33,عليكم
1.0,1.020039,0.81,ورحمة
0.996419,1.14,1.020039,الله

