conf,end,start,word
0.960267,0.39,0.0,السلام
1.0,0.75,0.39,عليكم
1.0,1.049658,0.75,ورحمة
0.988605,1.17,1.05,الله

