conf,end,start,word
0.98257,0.42,0.0,السلام
1.0,0.75,0.42,عليكم
0.485457,1.151897,0.75,ورحمة

