conf,end,start,word
0.946083,0.42,0.0,السلام
1.0,0.75,0.42,عليكم
1.0,1.050087,0.75,ورحمة
0.989792,1.17,1.050087,الله

