conf,end,start,word
0.992459,0.42,0.0,السلام
1.0,0.75,0.42,عليكم
1.0,1.050081,0.75,ورحمة
0.990567,1.17,1.050081,الله

