conf,end,start,word
0.991682,0.42,0.0,السلام
1.0,0.72,0.42,عليكم
1.0,1.020163,0.72,ورحمة
0.983685,1.17,1.020163,الله

