conf,end,start,word
1.0,0.39,0.0,السلام
1.0,0.75,0.39,عليكم
1.0,1.050059,0.75,ورحمة
0.993083,1.17,1.050059,الله

