conf,end,start,word
1.0,0.39,0.0,السلام
1.0,0.72,0.39,عليكم
1.0,1.000145,0.72,ورحمة
0.599828,1.11,1.000145,الله

