conf,end,start,word
1.0,0.54,0.0,الجزيرة
0.931018,0.63,0.54,في
0.885609,1.062307,0.632524,اليمن

