conf,end,start,word
0.989633,0.72,0.45,في
0.919148,1.077771,0.720018,مدينة

