conf,end,start,word
1.0,0.51008,0.0,الجزيرة
0.993001,0.63,0.51008,في
0.997239,0.933166,0.63,قطر
0.554432,1.159746,0.933166,أهلا

