conf,end,start,word
1.0,0.66,0.45,في
1.0,0.960114,0.66,الأمم
0.997701,1.17,0.960114,المتحدة

