conf,end,start,word
1.0,0.69,0.45,قال
1.0,1.050141,0.69,المتحدث
0.940234,1.17,1.050141,باسم

