conf,end,start,word
0.998791,0.66,0.42,قال
0.99794,0.966241,0.66,وزير
0.319505,1.14,0.966241,الدفاع

