conf,end,start,word
0.997381,0.69,0.42,قال
0.978788,0.996333,0.69,وزير
0.534891,1.17,0.996333,الدفاع

