conf,end,start,word
0.696975,0.689804,0.48,قال
0.701209,0.966396,0.690294,رئيس
0.275714,1.17,0.966396,الوزراء

