conf,end,start,word
1.0,0.689941,0.45,قال
0.899563,1.050251,0.69,المتحدث
0.982917,1.17,1.050251,باسم

