conf,end,start,word
0.987001,0.69,0.42,قال
0.829583,1.168919,0.84,الرئيس

