conf,end,start,word
0.998664,0.690155,0.45,قال
0.990792,1.148056,0.690155,المتحدث

