conf,end,start,word
1.0,0.72,0.42,قال
1.0,0.99137,0.72,وزير
0.683844,1.17,0.99137,الدفاع

