conf,end,start,word
0.978444,0.69,0.42,قال
0.998307,0.964114,0.691296,وزير
0.592512,1.14,0.964114,الدفاع

