conf,end,start,word
0.992207,0.69,0.45,قال
0.868275,1.142939,0.69,مراسل

