conf,end,start,word
1.0,0.69,0.45,قال
0.765241,0.972032,0.69,رئيس
0.212981,1.17,0.972032,الوزراء

