conf,end,start,word
0.993865,0.72,0.360272,قال
0.735367,1.136524,0.75,رئيس

