conf,end,start,word
0.990311,0.66,0.45,قال
0.74675,1.136931,0.66,مراسل

