conf,end,start,word
0.934312,0.71926,0.42,قال
0.954986,1.168505,0.72,مجلس

