conf,end,start,word
0.922009,0.69,0.390306,قال
0.639313,1.005832,0.69,رئيس

