conf,end,start,word
0.682329,0.68905,0.45,قال
1.0,0.96026,0.699854,وزير
0.773856,1.14,0.96026,الدفاع

