conf,end,start,word
0.994121,0.69,0.48,قال
1.0,0.937502,0.690116,وزير
0.526168,1.17,0.937502,الخارجية

