conf,end,start,word
0.558052,0.69,0.45,قال
0.553685,1.137389,0.692584,مراسل

