conf,end,start,word
1.0,0.66,0.45,قال
0.998449,0.959765,0.66,الرئيس
0.268548,1.17,0.96,التركي

