conf,end,start,word
0.998829,0.75,0.42,قالت
0.32903,1.087506,0.75,قوات

