conf,end,start,word
0.673498,0.718881,0.39,قالت
0.665529,0.995636,0.721433,وزارة
0.542977,1.17,0.995636,الدفاع

