conf,end,start,word
1.0,0.750244,0.36,قالت
0.98426,1.166075,0.750244,الولايات

