conf,end,start,word
0.790268,0.72,0.39,قالت
0.964955,1.0665,0.720093,وزارة

