conf,end,start,word
1.0,0.75,0.360126,قالت
0.982676,1.08688,0.75,مصادر

