conf,end,start,word
0.966258,0.75,0.39,قالت
0.995628,1.102416,0.75,وزارة

