conf,end,start,word
0.996927,0.81,0.33,قالت
0.930652,1.169694,0.87,مصادر

