conf,end,start,word
0.997143,0.75,0.42,قالت
0.982417,1.104696,0.75,مصادر

