conf,end,start,word
0.923266,0.750017,0.39,قالت
0.991712,1.000158,0.750017,وزارة
0.51844,1.17,1.000158,الدفاع

