conf,end,start,word
0.758608,0.749935,0.36,قالت
0.496081,1.101093,0.750772,وزارة

