conf,end,start,word
1.0,0.720017,0.39,قالت
0.998958,1.126079,0.720017,الخارجية

