conf,end,start,word
0.993341,0.72,0.45,قالت
0.980734,1.120095,0.72,مصادر

