conf,end,start,word
0.992248,0.72,0.42,قالت
0.980277,1.115738,0.72,مصادر

