conf,end,start,word
0.876695,0.720033,0.36,قالت
0.990189,1.089802,0.720033,وزارة

