conf,end,start,word
1.0,0.75,0.382542,قالت
0.990142,1.147727,0.75,مصادر

