conf,end,start,word
1.0,0.840034,0.3,قتلوا
0.994222,0.970088,0.840034,في

