conf,end,start,word
0.998127,0.84,0.3,قتلوا
0.983325,1.041892,0.84,في

