conf,end,start,word
1.0,0.359054,0.032853,في
1.0,0.75,0.36,قطر

