conf,end,start,word
0.86547,0.449922,0.299744,في
0.998162,0.72,0.449922,قطر
0.989528,0.959705,0.720056,أهلا
0.69489,1.17,0.96,بكم

