conf,end,start,word
0.995648,0.36,0.047534,في
1.0,0.75,0.36,قطر

