conf,end,start,word
0.995476,0.39,0.231081,في
1.0,0.75,0.390136,قطر

