conf,end,start,word
0.570776,0.36,0.033087,مع
0.995457,0.81,0.36,قطر

