conf,end,start,word
0.991327,0.39,0.210087,في
0.956129,0.78,0.39,قطر

