conf,end,start,word
0.926782,0.42,0.300275,في
1.0,0.75,0.423605,قطر

