conf,end,start,word
0.996844,0.36,0.041375,في
1.0,0.78,0.360095,قطر

