conf,end,start,word
0.99334,0.42,0.306887,في
0.998676,0.75,0.42,قطر

