conf,end,start,word
0.756215,0.39,0.27,في
0.986333,0.75,0.411046,قطر

