conf,end,start,word
0.973002,0.360648,0.24019,في
1.0,0.81,0.36144,قطر

