conf,end,start,word
0.97016,0.39,0.088507,في
1.0,0.78,0.390895,قطر

