conf,end,start,word
0.98378,0.389987,0.245744,في
1.0,0.81,0.389987,قطر

