conf,end,start,word
0.97777,0.39,0.030857,مع
1.0,0.81,0.419425,قطر

