conf,end,start,word
0.996494,0.330431,0.034871,في
1.0,0.81,0.330535,قطر

