conf,end,start,word
0.569745,0.39,0.045669,من
1.0,0.72,0.39,قناة
1.0,1.105549,0.72,الجزيرة

