conf,end,start,word
0.696217,0.36,0.057597,من
1.0,0.72,0.368602,قناة
1.0,1.168985,0.72,الجزيرة

