conf,end,start,word
0.876132,0.45,0.277287,من
1.0,0.72,0.45,قناة
1.0,1.047619,0.72,الجزيرة

