conf,end,start,word
0.90632,0.39,0.031923,من
1.0,0.72,0.39,قناة
1.0,1.139864,0.72,الجزيرة

