conf,end,start,word
0.821145,0.414027,0.03,من
1.0,0.72,0.414027,قناة
1.0,1.17,0.72,الجزيرة

