conf,end,start,word
0.973501,0.42,0.032699,من
1.0,0.75,0.42,قناة
1.0,1.162194,0.75,الجزيرة

