conf,end,start,word
0.684927,0.36,0.033413,من
1.0,0.72,0.368987,قناة
1.0,1.16587,0.72,الجزيرة

