conf,end,start,word
0.955479,0.39,0.03164,من
1.0,0.75,0.39,قناة
1.0,1.169749,0.75,الجزيرة

