conf,end,start,word
0.546261,0.415151,0.24,من
1.0,0.72,0.415151,قناة
1.0,1.134646,0.72,الجزيرة

