conf,end,start,word
0.77615,0.42,0.246507,من
1.0,0.72,0.42,قناة
1.0,1.138395,0.72,الجزيرة

