conf,end,start,word
0.941664,0.42,0.271206,من
1.0,0.72,0.42,قناة
1.0,1.167059,0.72,الجزيرة

