conf,end,start,word
0.923843,0.42,0.240314,من
1.0,0.72,0.42,قناة
1.0,1.167407,0.72,الجزيرة

