conf,end,start,word
0.622916,0.75,0.45,قناة
0.733087,1.097918,0.75,الجزيرة

