conf,end,start,word
0.955173,0.42,0.037303,من
1.0,0.72,0.421345,قناة
1.0,1.064431,0.72,الجزيرة

