conf,end,start,word
0.968704,0.359929,0.03,من
1.0,0.81,0.359929,قناة
1.0,1.169677,0.81,الجزيرة

