conf,end,start,word
0.886575,0.39,0.214299,من
1.0,0.69,0.39,قناة
1.0,1.125003,0.69,الجزيرة

