conf,end,start,word
0.982562,0.33,0.03,من
1.0,0.78,0.33012,قناة
1.0,1.16946,0.81,الجزيرة

