conf,end,start,word
0.993877,0.42,0.03,من
1.0,0.72,0.420184,قناة
1.0,1.073938,0.72,الجزيرة

