conf,end,start,word
0.912521,0.39,0.032712,من
0.997621,0.72,0.392157,قناة
1.0,1.139948,0.72,الجزيرة

