conf,end,start,word
0.938302,0.39,0.034075,من
1.0,0.75,0.39,قناة
1.0,1.169745,0.75,الجزيرة

