conf,end,start,word
0.899231,0.42,0.240154,من
1.0,0.72,0.42,قناة
1.0,1.098448,0.72,الجزيرة

