conf,end,start,word
0.930977,0.42,0.044112,من
1.0,0.72,0.42,قناة
1.0,1.138055,0.72,الجزيرة

