conf,end,start,word
0.612547,0.42,0.236626,من
1.0,0.69,0.42,قناة
1.0,1.032307,0.69,الجزيرة

