conf,end,start,word
0.990047,0.72,0.392855,قناة
1.0,1.136052,0.72,الجزيرة

