conf,end,start,word
0.992058,0.42,0.03,من
1.0,0.72,0.420238,قناة
1.0,1.092788,0.72,الجزيرة

