conf,end,start,word
0.468055,0.42,0.102259,من
1.0,0.72,0.434285,قناة
1.0,1.147799,0.72,الجزيرة

