conf,end,start,word
0.779865,0.419851,0.27,من
1.0,0.72,0.419851,قناة
1.0,1.14,0.72,الجزيرة

