conf,end,start,word
0.895223,0.447238,0.21,من
1.0,0.75,0.447238,قناة
1.0,1.139757,0.75,الجزيرة

