conf,end,start,word
0.973035,0.39,0.031962,مع
1.0,0.751132,0.39,قناة
0.903188,1.056751,0.751132,اليمن

