conf,end,start,word
0.977084,0.42,0.034121,من
1.0,0.69,0.45,قناة
1.0,1.083858,0.69,الجزيرة

