conf,end,start,word
0.757028,0.42,0.063618,من
1.0,0.75,0.42,قناة
1.0,1.134999,0.75,الجزيرة

