conf,end,start,word
0.747539,0.42,0.271985,من
0.992255,0.72,0.420265,قوات
1.0,1.11,0.72,النظام

