conf,end,start,word
0.994599,0.389844,0.06,قالت
0.992522,0.75,0.389844,قوات

