conf,end,start,word
0.987008,0.36,0.0,أن
0.996261,0.72,0.36,قوات
1.0,1.066525,0.72,الجيش

