conf,end,start,word
0.962473,0.39,0.03,من
0.93087,0.78,0.39,قوات

