conf,end,start,word
0.568043,0.718921,0.450145,قوات
0.708228,1.096131,0.718921,التحالف

