conf,end,start,word
1.0,0.39,0.03,من
1.0,0.780116,0.39,قوات
0.99193,1.14,0.780116,التحالف

