conf,end,start,word
0.808958,0.72,0.447009,قوات
0.98347,1.166065,0.72,المعارضة

