conf,end,start,word
0.950851,0.84048,0.33,قوات
0.883277,1.148615,0.84048,الأمن

