conf,end,start,word
0.993806,0.36,0.0,أن
1.0,0.750531,0.36,قوات
0.95115,1.048796,0.750531,الأمن

