conf,end,start,word
0.998538,0.36,0.03,من
0.991881,0.78,0.36,قوات

