conf,end,start,word
1.0,0.36,0.0,أن
1.0,0.780159,0.36,قوات
0.982474,1.139607,0.780159,الدفاع

