conf,end,start,word
0.998215,0.42,0.0,أن
1.0,0.75,0.42,قوات
1.0,1.108448,0.75,الجيش

