conf,end,start,word
0.893819,0.388736,0.034206,من
0.988026,0.740377,0.388736,قوات
0.371318,1.17,0.96,التحالف

