conf,end,start,word
0.999748,0.781253,0.330042,قوات
0.796704,0.988951,0.781253,من

