conf,end,start,word
0.997039,0.36,0.0,أن
1.0,0.780238,0.36,قوات
0.980577,1.070535,0.780238,النظام

