conf,end,start,word
0.992037,0.78,0.330971,قوات
1.0,1.137916,0.78,الجيش

