conf,end,start,word
0.79942,0.3,0.03,مصادر
0.991547,0.840897,0.3,للجزيرة
0.853245,0.98832,0.840897,أن

