conf,end,start,word
0.850427,0.299886,0.03,مصادر
1.0,0.84,0.299886,للجزيرة
0.961883,0.960102,0.84,إن
0.420413,1.14,0.960102,الجيش

