conf,end,start,word
0.998089,0.839909,0.241252,للجزيرة
0.859094,0.960032,0.84,أن
0.748323,1.17,0.960032,الرئيس

