conf,end,start,word
0.994215,0.33,0.03,مصادر
1.0,0.84,0.33,للجزيرة
0.710606,0.967134,0.84,أن

