conf,end,start,word
0.547405,0.84,0.290213,للجزيرة
0.504941,1.165838,0.84,بأن

