conf,end,start,word
0.990545,0.840372,0.300233,للجزيرة
0.589626,1.074083,0.840372,أن

