conf,end,start,word
0.788571,0.3,0.03,صالح
1.0,0.87,0.3,للجزيرة
0.841947,1.036669,0.87,إن

