conf,end,start,word
0.986439,0.329817,0.03,مصادر
1.0,0.81,0.329817,للجزيرة
0.971712,0.963849,0.81,إن

