conf,end,start,word
0.617517,0.87,0.302287,للجزيرة
0.535029,1.043455,0.87,إن

