conf,end,start,word
0.99896,0.33,0.03,مصادر
1.0,0.84,0.33,للجزيرة
0.913982,0.994676,0.84,أن

