conf,end,start,word
0.993865,0.84,0.337656,للجزيرة
0.531698,0.968282,0.84,إن

