conf,end,start,word
0.827373,0.841539,0.0,الجزيرة
0.371349,1.008765,0.841539,أن

