conf,end,start,word
0.465048,0.259637,0.0,السوري
0.947793,0.9,0.259637,للجزيرة

