conf,end,start,word
1.0,0.84,0.243077,للجزيرة
0.924864,1.010826,0.84,إن

