conf,end,start,word
0.994575,0.33,0.03,مصادر
1.0,0.84,0.33,للجزيرة
0.826576,1.046426,0.84,بأن

