conf,end,start,word
0.997211,0.416146,0.03,مصادر
0.93316,0.78,0.42,للجزيرة
0.474787,0.903854,0.78,أن

