conf,end,start,word
0.407269,0.84,0.0,الجزيرة
0.636072,1.018152,0.84,إن

