conf,end,start,word
0.991114,0.36,0.03,مصادر
1.0,0.81,0.36,للجزيرة
0.682462,0.880728,0.81,إن

