conf,end,start,word
0.993265,0.84,0.3,للجزيرة
0.935182,1.029022,0.84,إن

