conf,end,start,word
0.933009,0.81,0.31678,للجزيرة
0.540227,0.930202,0.810025,إن

