conf,end,start,word
0.916295,0.84,0.3,للجزيرة
0.811771,0.984262,0.84,أن

