conf,end,start,word
0.717613,0.780058,0.306562,للجزيرة
0.84278,0.950571,0.780058,إن

