conf,end,start,word
0.99364,0.87,0.240979,للجزيرة
0.404424,1.045734,0.87,إن

