conf,end,start,word
0.930069,0.36,0.03,مصادر
0.959021,0.810377,0.36,للجزيرة
0.67624,0.959594,0.810377,أن

