conf,end,start,word
0.998356,0.389974,0.113871,في
0.999319,0.72,0.389974,ليبيا

