conf,end,start,word
0.996703,0.32996,0.03,في
1.0,0.78,0.32996,ليبيا

