conf,end,start,word
0.990473,0.38997,0.22353,في
0.996742,0.75,0.38997,ليبيا
0.947965,1.11,0.75,بأن

