conf,end,start,word
0.989957,0.421126,0.251242,في
0.990055,0.72,0.421126,ليبيا
0.783714,0.84,0.72,في

