conf,end,start,word
0.486305,0.33059,0.03295,في
0.779913,0.78,0.336876,ليبيا

