conf,end,start,word
0.980115,0.329887,0.030911,في
0.989598,0.789991,0.329887,ليبيا

