conf,end,start,word
0.615745,0.411476,0.21288,في
1.0,0.75,0.411476,ليبيا

