conf,end,start,word
0.675496,0.295362,0.0,الدولة
1.0,0.45,0.295362,في
1.0,0.72,0.45,ليبيا

