conf,end,start,word
0.790793,0.310143,0.03,إلى
1.0,0.81,0.310143,ليبيا

