conf,end,start,word
0.992055,0.329964,0.214298,في
1.0,0.81,0.329964,ليبيا

