conf,end,start,word
0.821928,0.327133,0.15,في
1.0,0.81,0.327133,ليبيا

