conf,end,start,word
0.997744,0.44991,0.21312,في
1.0,0.75,0.44991,ليبيا
0.773168,0.927496,0.75,أن

