conf,end,start,word
0.991182,0.389736,0.03,في
1.0,0.75,0.389736,ليبيا

