conf,end,start,word
0.993014,0.42,0.24,في
0.993014,0.75,0.42,ليبيا

