conf,end,start,word
0.910459,0.359199,0.167673,في
1.0,0.81,0.359199,ليبيا

