conf,end,start,word
0.92908,0.42,0.090949,رئيس
1.0,0.75,0.42,مجلس
1.0,1.169537,0.75,الوزراء

