conf,end,start,word
1.0,0.75,0.39,مجلس
1.0,0.990114,0.75,الأمن
0.98527,1.17,0.990114,الدولي

