conf,end,start,word
0.99728,0.36,0.06,رئيس
1.0,0.780026,0.36,مجلس
0.996251,1.026195,0.780026,الأمن

