conf,end,start,word
1.0,0.78,0.301503,مجلس
1.0,0.991301,0.78,الأمن
0.942393,1.17,0.991301,الدولي

