conf,end,start,word
1.0,0.78,0.360188,مجلس
0.998053,1.160675,0.78,الأمن

