conf,end,start,word
0.535582,0.359991,0.0,أن
0.998773,0.72,0.359991,مجلس

