conf,end,start,word
1.0,0.75,0.300166,مجلس
0.996562,1.169622,0.75,الأمن

