conf,end,start,word
1.0,0.78,0.300427,محمد
0.278819,1.01608,0.78,اليمن

