conf,end,start,word
1.0,0.75,0.331743,محمد
0.89722,0.98806,0.75,عبد
0.642982,1.17,0.99,السلام

