conf,end,start,word
0.465551,0.417861,0.302096,في
0.990122,0.793337,0.417861,مدينة

