conf,end,start,word
0.910237,0.869657,0.30087,مدينة
0.431567,1.168972,0.96,حلب

