conf,end,start,word
0.898647,0.389045,0.21,في
1.0,0.78,0.389045,مدينة
1.0,1.11,0.78,حلب

