conf,end,start,word
1.0,0.33,0.03,على
1.0,0.83981,0.33,مدينة
0.429105,1.161831,0.84,حلب

