conf,end,start,word
0.996032,0.35995,0.03,على
1.0,0.81,0.35995,مدينة
1.0,1.14,0.81,حلب

