conf,end,start,word
0.431495,0.313659,0.0,أن
1.0,0.75,0.4062,مدينة
1.0,1.11,0.75,حلب

