conf,end,start,word
0.996975,0.300008,0.03,في
0.999607,0.797316,0.300008,مدينة
0.203615,1.14,0.99,حلب

