conf,end,start,word
0.976145,0.419681,0.21,في
0.989719,0.78,0.419681,مدينة

