conf,end,start,word
1.0,0.39,0.15,قال
0.9752,0.75,0.39,مراسل
0.993447,1.072174,0.750749,الجزيرة

