conf,end,start,word
0.724745,0.326946,0.03,قال
1.0,0.81,0.326946,مراسل
1.0,1.168131,0.81,الجزيرة

