conf,end,start,word
0.996868,0.36,0.09,قال
0.893148,0.810159,0.36,مراسل
0.985052,1.084433,0.810159,الجزيرة

