conf,end,start,word
0.997396,0.36,0.03,قال
0.979213,0.810054,0.36,مراسل
0.911073,1.152333,0.810684,الجزيرة

