conf,end,start,word
0.99872,0.36,0.09,قال
0.678452,0.78,0.36,مراسل
0.997775,1.132998,0.789546,الجزيرة

