conf,end,start,word
0.996668,0.81,0.032428,مراسل
1.0,1.167662,0.8101,الجزيرة

