conf,end,start,word
0.994223,0.75,0.300161,مراسل
1.0,1.165201,0.750173,الجزيرة

