conf,end,start,word
1.0,0.39,0.09,قال
0.996845,0.809441,0.39,مراسل
0.981416,1.134796,0.810096,الجزيرة

