conf,end,start,word
1.0,0.36,0.09,قال
0.995196,0.75,0.36,مراسل
1.0,1.047974,0.75,الجزيرة
0.356828,1.106268,1.047974,في

