conf,end,start,word
1.0,0.39,0.03,قال
0.975207,0.75,0.39,مراسل
1.0,1.100675,0.750744,الجزيرة

