conf,end,start,word
0.99641,0.33,0.03,قال
0.93185,0.81,0.33,مراسل
1.0,1.163763,0.81,الجزيرة

