conf,end,start,word
0.998568,0.36,0.09,قال
0.677867,0.780029,0.36,مراسل
0.999344,1.116914,0.78967,الجزيرة

