conf,end,start,word
1.0,0.960086,0.15,مراسل
0.988644,1.17,0.960086,الجزيرة

