conf,end,start,word
0.681627,0.33,0.03,قال
0.939906,0.81,0.33,مراسل
0.995994,1.148373,0.81,الجزيرة

