conf,end,start,word
0.882032,0.78,0.330213,مراسل
1.0,1.090602,0.783539,الجزيرة

