conf,end,start,word
0.913813,0.749959,0.33,مصادر
0.862674,1.095667,0.75023,عسكرية

