conf,end,start,word
0.989491,0.839926,0.3,مصادر
0.943954,1.14,0.84,للجزيرة

