conf,end,start,word
1.0,0.33,0.03,قالت
1.0,0.81,0.33,مصادر
0.972184,0.960057,0.81,في

