conf,end,start,word
0.929232,0.329973,0.03,قالت
1.0,0.87,0.329973,مصادر
0.996831,1.17,0.87,للجزيرة

