conf,end,start,word
0.996018,0.359949,0.03,قالت
1.0,0.81,0.359949,مصادر
1.0,1.168646,0.81,للجزيرة

