conf,end,start,word
1.0,0.390025,0.09,قالت
0.980537,0.730507,0.390025,مصادر
0.660266,1.108825,0.75,عسكرية

