conf,end,start,word
0.997373,0.329968,0.03,قالت
1.0,0.78,0.329968,مصادر
1.0,1.169061,0.78,للجزيرة

