conf,end,start,word
0.987725,0.809972,0.300157,مصادر
0.935951,0.929795,0.81,في

