conf,end,start,word
0.75389,0.327765,0.03,قالت
0.912733,0.725716,0.327765,مصادر

