conf,end,start,word
0.892958,0.628801,0.51,من
0.661177,0.988096,0.628801,جهته
0.481518,1.17,1.02,قال

