conf,end,start,word
1.0,0.66,0.48,من
0.593427,1.033905,0.66,جهته

