conf,end,start,word
1.0,0.51,0.0,الأنباء
0.980043,0.659962,0.51,من
1.0,0.96,0.659962,قناة
0.995798,1.17,0.96,الجزيرة

