conf,end,start,word
0.879048,0.63,0.48,من
0.998754,0.960218,0.63,قناة
0.864553,1.17,0.960218,الجزيرة

