conf,end,start,word
1.0,0.66,0.48,من
0.906356,1.135112,0.66,جهته

