conf,end,start,word
0.995273,0.659925,0.48,من
0.922588,1.074236,0.659925,جهته

