conf,end,start,word
0.508482,0.39,0.002061,أهلا
0.502975,0.510368,0.39,بكم
0.955743,0.63,0.510368,من
0.996692,0.93,0.66,قناة
0.996692,1.17,0.93,الجزيرة

