conf,end,start,word
0.946491,0.480044,0.0,الأنباء
0.986654,0.627548,0.480044,من
0.914346,0.96,0.63,قناة
0.91381,1.17,0.96,الجزيرة

