conf,end,start,word
0.995135,0.269966,0.03,على
0.979363,0.899751,0.269966,مواقع

