conf,end,start,word
0.993097,0.33,0.12,في
1.0,0.81,0.33,مواقع
0.993709,1.17,0.81,عسكرية

