conf,end,start,word
0.970436,0.854376,0.332127,مواقع

