conf,end,start,word
0.989919,0.329888,0.03,إلى
1.0,0.84,0.329888,مواقع

