conf,end,start,word
0.979711,0.32979,0.03,على
0.998994,0.823642,0.32979,مواقع

