conf,end,start,word
0.623497,0.33,0.03,في
0.987811,0.845561,0.33,مواقع

