conf,end,start,word
1.0,0.33,0.03,على
1.0,0.811167,0.33,مواقع
0.375763,1.17,0.811167,المعارضة

