conf,end,start,word
0.898737,0.299104,0.03,على
1.0,0.84,0.299104,مواقع
0.522411,1.17,0.84,المعارضة

