conf,end,start,word
0.576182,0.962488,0.03,مواقع
0.353498,1.17,0.99,عسكرية

