conf,end,start,word
0.984709,0.84,0.33,وذلك
0.908917,1.14,0.84,على

