conf,end,start,word
0.998555,0.81,0.36,وذلك
0.802696,0.965593,0.84,في

