conf,end,start,word
0.929206,0.75,0.39,وذلك
0.951108,0.900061,0.750259,في

