conf,end,start,word
1.0,0.36,0.06,في
1.0,0.78,0.36,وزارة
0.958061,1.072357,0.78,الأمن

