conf,end,start,word
0.982216,0.389875,0.27,في
1.0,0.78,0.389875,وزارة
1.0,1.11,0.78,الدفاع

