conf,end,start,word
0.945981,0.35971,0.25418,في
1.0,0.75,0.35971,وزارة
1.0,1.14,0.75,الخارجية

