conf,end,start,word
1.0,0.75,0.356743,وزارة
0.894961,1.119331,0.75,الدفاع

