conf,end,start,word
0.519078,0.33,0.03,قالت
0.998081,0.804404,0.33,وزارة

