conf,end,start,word
0.840303,0.930075,0.03052,وزارة
0.572242,1.17,0.930075,الخارجية

