conf,end,start,word
0.968327,0.84,0.33,وزارة
0.995222,1.158554,0.84,الدفاع

