conf,end,start,word
0.940081,0.39,0.03,باسم
0.942028,0.72,0.390163,وزارة
1.0,1.17,0.72,الخارجية

