conf,end,start,word
0.966501,0.81,0.33,وزارة
0.975459,1.107287,0.81,الدفاع

