conf,end,start,word
1.0,0.36,0.03,باسم
1.0,0.780453,0.36,وزارة
0.982824,1.11,0.780453,الدفاع

