conf,end,start,word
1.0,0.36,0.03,على
0.968237,0.78017,0.36,وزارة
0.994512,1.17,0.780958,الدفاع

