conf,end,start,word
0.987611,0.389906,0.257714,في
1.0,0.78,0.389906,وزارة
1.0,1.167733,0.78,الدفاع

