conf,end,start,word
0.726653,0.27,0.03,قال
1.0,0.780022,0.3,وزير
0.998259,1.14,0.780022,الخارجية

