conf,end,start,word
0.911764,0.449059,0.301596,من
0.999097,0.69,0.449059,وزير
1.0,1.018541,0.69,الدفاع

