conf,end,start,word
0.545889,0.36,0.0,أن
0.982497,0.782833,0.360187,وزير
0.905137,1.14,0.81,الدفاع

