conf,end,start,word
0.965243,0.988003,0.03,وزير
0.266536,1.17,0.99,الدفاع

