conf,end,start,word
1.0,0.780104,0.33,وزير
0.996268,1.17,0.780104,الخارجية

