conf,end,start,word
0.978387,0.81,0.33,وزير
0.94535,1.17,0.810261,الخارجية

