conf,end,start,word
0.995864,0.39,0.09,قال
1.0,0.75,0.390124,وزير
1.0,1.139151,0.75,الخارجية

