conf,end,start,word
1.0,0.39,0.03,قال
1.0,0.752418,0.39,وزير
0.949826,1.17,0.752418,الخارجية

