conf,end,start,word
1.0,0.780105,0.36,وزير
0.996216,1.14,0.780105,الخارجية

