conf,end,start,word
0.32244,0.42,0.0,الحوثي
0.985196,0.75,0.42,وزير
0.980038,1.137462,0.75,الدفاع

