conf,end,start,word
1.0,0.42,0.0,أن
0.996447,0.75,0.42,وزير
1.0,1.168932,0.750107,الخارجية

