conf,end,start,word
0.993644,0.39,0.06,قال
1.0,0.72,0.390191,وزير
1.0,1.168066,0.72,الخارجية

