conf,end,start,word
0.852875,0.33,0.03,قال
1.0,0.78,0.36,وزير
0.998522,1.109308,0.78,الخارجية

