conf,end,start,word
0.939107,0.45,0.21,قال
1.0,0.721404,0.451827,وزير
0.922459,1.131771,0.721404,الخارجية

