conf,end,start,word
0.701479,0.42,0.002138,أن
1.0,0.75,0.420121,وزير
0.997357,1.109726,0.75,الخارجية

