conf,end,start,word
1.0,0.42,0.031834,قال
1.0,0.750246,0.42,وزير
0.985361,1.16972,0.750246,الخارجية

