conf,end,start,word
0.963469,0.723381,0.419248,وزير
0.756659,1.067958,0.723381,الدولة

