conf,end,start,word
1.0,0.750032,0.39,وزير
0.998001,1.167784,0.750032,الخارجية

