conf,end,start,word
0.675922,0.45,0.18,قال
1.0,0.72,0.459563,وزير
0.877262,1.076125,0.72,الخارجية

