conf,end,start,word
1.0,0.39,0.03,مع
1.0,0.750195,0.39,وزير
0.986417,1.079556,0.750195,الخارجية

