conf,end,start,word
1.0,0.42,0.18,قال
1.0,0.72011,0.42,وزير
0.993281,1.081803,0.72011,الخارجية

