conf,end,start,word
0.772597,0.33,0.03,قال
1.0,0.723619,0.36,وزير
0.882689,1.108442,0.723619,الخارجية

