conf,end,start,word
0.762986,0.814934,0.33,وقوات
0.421363,1.090043,0.814934,الرئيس

