conf,end,start,word
0.958245,0.389554,0.0,السورية
0.960581,0.81,0.389554,وقوات
0.965802,1.120918,0.81,النظام

