conf,end,start,word
0.984041,0.828064,0.3,وقوات
0.311614,1.168155,0.87,مجلس

