conf,end,start,word
1.0,0.36,0.0,الحوثي
1.0,0.810228,0.36,وقوات
0.980246,1.091304,0.810228,الرئيس

