conf,end,start,word
1.0,0.36,0.0,الحوثي
1.0,0.81013,0.36,وقوات
0.982289,1.138483,0.81013,الرئيس

