conf,end,start,word
0.926356,0.36,0.0,الحوثي
1.0,0.84,0.362319,وقوات
1.0,1.10971,0.87,صالح

