conf,end,start,word
1.0,0.39,0.0,الحوثي
1.0,0.750314,0.39,وقوات
0.978017,1.078615,0.750314,الرئيس

