conf,end,start,word
1.0,0.39,0.0,الحوثي
1.0,0.810844,0.39,وقوات
0.922758,1.150289,0.810844,الرئيس

