conf,end,start,word
0.297632,0.357411,0.0,الشعبية
0.94966,0.81,0.357411,وقوات
0.998759,1.168818,0.81,التحالف

