conf,end,start,word
0.996802,0.33,0.0,الحوثي
1.0,0.81,0.330096,وقوات
1.0,1.139582,0.84,صالح

