conf,end,start,word
0.986809,0.36,0.0,الحوثي
1.0,0.78,0.36046,وقوات
1.0,1.169507,0.81,صالح

