conf,end,start,word
0.879999,0.328647,0.0,الحوثي
0.999407,0.810532,0.328647,وقوات
0.909547,1.064694,0.810532,الرئيس

