conf,end,start,word
0.898387,0.873289,0.3,وقوات
0.412046,1.156269,0.873289,الرئيس

