conf,end,start,word
0.995885,0.842936,0.3,وقوات
0.310117,1.098929,0.842936,الرئيس

