conf,end,start,word
1.0,0.42,0.0,الحوثي
1.0,0.78,0.42,وقوات
0.971149,0.973393,0.78,الرئيس
0.443719,1.17,0.973393,المخلوع

