conf,end,start,word
0.9924,0.36,0.0,الحوثي
0.999266,0.84,0.360126,وقوات
0.754646,1.06848,0.84,الرئيس

