conf,end,start,word
0.989532,0.87,0.271096,وقوات
0.704953,1.168267,0.87,الرئيس

