conf,end,start,word
1.0,0.42,0.0,الحوثي
1.0,0.75,0.42,وقوات
0.993456,0.970782,0.75,الرئيس
0.452698,1.17,0.970782,المخلوع

