conf,end,start,word
0.996932,0.36,0.0,الحوثي
1.0,0.81,0.360092,وقوات
1.0,1.169382,0.84,صالح

