conf,end,start,word
0.998069,0.84,0.32025,وقوات
0.951626,1.097255,0.84,النظام

