conf,end,start,word
1.0,0.42,0.0,الحوثي
1.0,0.780315,0.42,وقوات
0.959956,1.08991,0.780315,الرئيس

