conf,end,start,word
0.956609,0.359871,0.0,الحوثي
1.0,0.75,0.359871,وقوات
1.0,1.14,0.78,صالح

