conf,end,start,word
0.636638,0.3,0.0,الحوثي
0.907463,0.869965,0.3,وقوات
0.500124,1.116933,0.869965,الرئيس

