conf,end,start,word
0.99777,0.87,0.03,وقوات
0.989615,1.10766,0.87,النظام

