conf,end,start,word
0.98867,0.81,0.33,وقوات
0.976898,1.16603,0.84,صالح

