conf,end,start,word
0.989221,0.78,0.002113,ٱلْأَمْنِ
0.604393,1.139813,0.96,فِي

