conf,end,start,word
0.986239,0.870871,0.0,ٱلْأَمِيرِيكِيَّهْ
0.807032,1.058139,0.870871,فِي

