conf,end,start,word
0.826091,0.80998,0.063637,ٱلْأَنۢبَاءْ
0.86332,0.961834,0.80998,مِنْ

