conf,end,start,word
0.71769,0.72,0.094761,ٱلْأَنۢبَاءْ
0.764168,0.959416,0.75,مِنْ

