conf,end,start,word
0.979438,0.78,0.065842,ٱلْأَنۢبَاءْ
0.828418,0.989969,0.780483,مِنْ

