conf,end,start,word
0.989182,0.75,0.015658,ٱلْأَنۢبَاءْ
0.913854,0.900051,0.75,مِنْ
0.855507,1.139479,0.900285,قَنَاةْ

