conf,end,start,word
0.519166,0.31434,0.03,مَجْلِسِ
0.996527,0.75,0.31434,ٱلْأَنۢبَاءْ
0.833803,0.985035,0.75002,مِنْ

