conf,end,start,word
0.986432,0.75,0.016759,ٱلْأَنۢبَاءْ
0.905798,0.935201,0.750015,مِنْ

