conf,end,start,word
0.953913,0.266223,0.0,ٱلْجَيْشِ
0.999615,0.87,0.266223,ٱلْإِسْرَائِيلِيّْ
0.952728,0.966409,0.871542,فِي

