conf,end,start,word
0.953061,0.869985,0.052928,ٱلْإِسْلَامِيَّهْ
0.704845,1.025047,0.869985,عَلَى

