conf,end,start,word
0.999085,0.870028,0.3,ٱلْإِسْلَامِيَّهْ
0.440246,1.016641,0.870028,إِلَى

