conf,end,start,word
0.991712,0.810763,0.0,ٱلْإِيرَانِيّْ
0.720344,1.11181,0.810763,مُحَمَّدْ

