conf,end,start,word
0.303869,0.780201,0.0,ٱلْإِيرَانِيّْ
0.690168,1.087152,0.792337,مُحَمَّدْ

