conf,end,start,word
0.690028,0.292454,0.03,فِي
0.972827,0.84,0.292454,ٱلْبِلَادْ

