conf,end,start,word
0.5936,0.241498,0.03,إِلَى
0.996446,0.84,0.241498,ٱلْبِلَادْ

