conf,end,start,word
0.66656,0.340077,0.240301,فِي
0.987555,0.826322,0.340077,ٱلْبِلَادْ

