conf,end,start,word
0.702264,0.297733,0.04723,فِي
1.0,0.81,0.297733,ٱلْبِلَادْ

