conf,end,start,word
0.862861,0.359,0.214232,فِي
1.0,0.81,0.359,ٱلْبِلَادْ
0.523994,1.136653,0.81,وَذَلِكَ

