conf,end,start,word
0.962224,0.356361,0.212525,فِي
1.0,0.75,0.356361,ٱلْبِلَادْ
0.433913,1.158363,1.042242,إِلَى

