conf,end,start,word
0.738494,0.30094,0.03,قُوَّاتِ
1.0,0.81,0.30094,ٱتَّحَالُفْ
1.0,0.9,0.81,فِي
0.997335,1.092476,0.9,ٱلْيَمَنْ

