conf,end,start,word
0.767825,0.281056,0.03,قُوَّاتِ
0.997247,0.87,0.281056,ٱتَّحَالُفْ

