conf,end,start,word
1.0,0.840033,0.002651,ٱتَّحَالُفِ
0.995495,1.113759,0.840033,ٱدَّوْلِيّْ

