conf,end,start,word
0.836632,0.36,0.03,مُرَاسِلُ
1.0,0.81,0.362773,ٱلْجَزِيرَهْ
0.991185,0.9,0.81,فِي
0.9823,1.129217,0.9,ٱلْيَمَنْ

