conf,end,start,word
0.993709,0.33,0.0,ٱلْجَيْشُ
1.0,0.814311,0.33,ٱتُّرْكِيّْ
0.395979,0.990463,0.814311,إِنَّ

