conf,end,start,word
1.0,0.36,0.03,قَنَاةِ
1.0,0.750168,0.36,ٱلْجَزِيرَهْ
0.975782,0.9,0.750168,فِي
0.648628,1.139488,0.9,قَطَرْ

