conf,end,start,word
0.947007,0.295871,0.03,مُرَاسِلُ
1.0,0.780281,0.295871,ٱلْجَزِيرَهْ
0.977955,1.138582,0.780281,فِي

