conf,end,start,word
1.0,0.870654,0.0,ٱلْجَزِيرَهْ
0.801702,1.043373,0.870654,فِي

