conf,end,start,word
0.986774,0.33,0.03,مُرَاسِلُ
0.988321,0.75,0.330803,ٱلْجَزِيرَهْ
0.941939,0.870864,0.75,أَنَّ
0.836865,1.164472,0.870864,مَجْلِسَ

