conf,end,start,word
1.0,0.39,0.03,قَنَاةِ
1.0,0.78,0.39,ٱلْجَزِيرَهْ
0.963155,0.900058,0.78,فِي
0.859617,1.169742,0.900058,قَطَرْ

