conf,end,start,word
0.999252,0.329891,0.0,أَنَّ
0.996082,0.75,0.329891,ٱلْحُكُومَةَ

