conf,end,start,word
0.860461,0.232549,0.03,وَزِيرُ
1.0,0.838946,0.232549,ٱلْخَارِجِيَّةِ
0.484401,1.108297,0.84,ٱتُّرْكِيِّ

