conf,end,start,word
0.98368,0.39,0.031726,وُزَارَةُ
1.0,0.781776,0.39,ٱدِّفَاعِ
0.657866,1.168067,0.781776,ٱسُّعُودِيّْ

