conf,end,start,word
0.989143,0.419893,0.030826,وَزِيرِ
0.998843,0.719923,0.419893,ٱدَّوْلَةِ

