conf,end,start,word
0.648819,0.358555,0.03,بِأَنَّ
0.800164,0.749266,0.358555,ٱدَّوْلَةَ
0.762044,1.11,0.75,ٱلْيَمَنِيَّهْ

