conf,end,start,word
1.0,0.870013,0.0,ٱدَّوْلَهْ
0.987711,1.019815,0.870013,فِي
0.542994,1.17,1.02,ٱلْيَمَنْ

