conf,end,start,word
0.997731,0.39,0.03,تَنْظِيمِ
1.0,0.781119,0.39,ٱدَّوْلَةِ
0.894742,1.010548,0.781119,عَلَى

