conf,end,start,word
0.999311,0.389989,0.0,ٱلْأَمْنِ
0.923353,0.779923,0.389989,ٱدَّوْلِيّْ

