conf,end,start,word
1.0,0.390216,0.0,أَنَّ
0.97917,0.78,0.390216,ٱرَّئِيسَ
0.98255,1.11,0.8099,دُونَالْدَ

