conf,end,start,word
0.832709,0.729457,0.36,ٱرَّئِيسُ
0.300185,1.089896,0.729457,ٱتُّرْكِيُّ

