conf,end,start,word
1.0,0.42,0.21,قَالَ
0.996548,0.750183,0.42,ٱرَّئِيسُ
0.984043,1.06355,0.750183,ٱتُّرْكِيُّ

