conf,end,start,word
0.923048,0.75,0.0,ٱسَّلَامُ
0.99394,1.021215,0.75,عَلَيْكُمْ
0.93712,1.17,1.021215,وَرَحْمَةُ

