conf,end,start,word
0.989856,0.78,0.0,ٱسَّلَامُ
0.994555,1.034237,0.78,عَلَيْكُمْ
0.501893,1.17,1.034237,وَرَحْمَةُ

