conf,end,start,word
0.977025,0.81,0.011188,ٱشَّعْبِيَّهْ
0.905823,0.944453,0.81,فِي

