conf,end,start,word
0.985468,0.810455,0.002259,ٱشَّعْبِيَّهْ
0.881954,0.938934,0.810455,فِي

