conf,end,start,word
1.0,0.9,0.002593,ٱشَّعْبِيَّهْ
0.954648,0.991318,0.9,فِي
0.392577,1.14,0.991318,ٱلْيَمَنْ

