conf,end,start,word
0.830777,0.387469,0.247616,فِي
0.991508,0.78,0.387469,ٱلْعِرَاقْ

