conf,end,start,word
0.946584,0.389632,0.242144,فِي
0.96093,0.78,0.389632,ٱلْعِرَاقْ

