conf,end,start,word
0.696544,0.340817,0.24,فِي
1.0,0.809897,0.340817,ٱلْعِرَاقْ
0.234074,1.14,0.84,قُتِلُو

