conf,end,start,word
0.86398,0.348697,0.210253,فِي
1.0,0.81,0.348697,ٱلْعِرَاقْ

