conf,end,start,word
0.730151,0.313081,0.189487,فِي
1.0,0.84,0.313081,ٱلْعِرَاقْ

