conf,end,start,word
0.915845,0.32123,0.06,فِي
0.991497,0.81,0.32123,ٱلْعِرَاقْ

