conf,end,start,word
0.542621,0.264501,0.0,ٱدِّفَاعِ
1.0,0.87,0.264501,ٱلْعِرَاقِيَّهْ
0.703371,1.020127,0.87,إِنَّ

