conf,end,start,word
0.447485,0.773383,0.712489,فِي
0.517673,1.108105,0.774951,ٱلْعِرَاقْ

