conf,end,start,word
0.944745,0.419908,0.21,إِلَى
0.963813,0.75,0.419908,ٱلِّقَاءْ

