conf,end,start,word
0.992099,0.36,0.18,إِلَى
0.989279,0.688718,0.36,ٱلِّقَاءْ

