conf,end,start,word
0.997533,0.269685,0.03,عَلِيِّ
1.0,0.48,0.269685,عَبْدَ
0.886948,0.66,0.48,ٱلَّهْ
1.0,1.11,0.66,صَالِحْ

