conf,end,start,word
0.986134,0.84,0.027644,ٱلْمُتَحَدِّثُ
0.992391,1.043907,0.840419,بِسْمِ

