conf,end,start,word
0.996335,0.87,0.001416,ٱلْمُتَحَدِّثُ
0.983599,1.14,0.870112,بِسْمِ

