conf,end,start,word
0.977433,0.9,0.000749,ٱلْمُتَحَدِّثُ
0.749023,1.080188,0.900574,بِسْمِ

