conf,end,start,word
1.0,0.900186,0.0,ٱلْمُعَارَضَةِ
0.928075,1.008518,0.900186,فِي

