conf,end,start,word
0.772399,0.899968,0.247755,ٱلْمُقَاوَمَةِ
0.465508,1.054843,0.9,مِنْ

