conf,end,start,word
0.993451,0.299324,0.002137,أَنَّ
0.994603,0.87,0.299324,ٱلْمُقَاوَمَةَ
0.996296,1.17,0.87,ٱشَّعْبِيَّةَ

