conf,end,start,word
0.544254,0.215924,0.03,مَعَ
1.0,0.870647,0.215924,ٱلْمُقَاوَمَةِ
0.866403,1.00161,0.870647,فِي

