conf,end,start,word
0.998357,0.75,0.362655,ٱنِّظَامِ
0.996984,1.083996,0.75,ٱسُّورِيّْ

