conf,end,start,word
0.991136,0.81,0.060567,ٱنِّظَامِ
0.802847,1.140774,0.84,ٱسُّورِيّْ

