conf,end,start,word
0.949041,0.358711,0.03,طَائِرَاتِ
1.0,0.81,0.358711,ٱنِّظَامِ
0.972612,1.162615,0.81,ٱسُّورِيّْ

