conf,end,start,word
0.597537,0.414987,0.0,ٱلْمُتَّحِدَةِ
0.962161,0.75,0.414987,ٱنِّظَامِ
0.995356,1.043554,0.75,ٱسُّورِيِّ

