conf,end,start,word
0.805506,0.340808,0.030314,قُوَّاتِ
1.0,0.78,0.340808,ٱنِّظَامِ
0.747537,0.961902,0.78,فِي

