conf,end,start,word
0.899879,0.388054,0.030596,قُوَّاتِ
1.0,0.72,0.388054,ٱنِّظَامِ
1.0,1.136355,0.72,ٱسُّورِيّْ

