conf,end,start,word
0.995213,0.810527,0.084309,ٱنِّظَامِ
0.48479,1.169384,0.84,عَلَى

