conf,end,start,word
0.485061,0.348887,0.030409,قُوَّاتِ
1.0,0.806831,0.348887,ٱنِّظَامِ
0.465936,1.17,0.99,ٱسُّورِيّْ

