conf,end,start,word
0.996156,0.359362,0.0,أَنَّ
1.0,0.78,0.359362,ٱنِّظَامَ
0.981688,1.131604,0.78,ٱلْإِيرَانِيَّ

