conf,end,start,word
0.990787,0.388458,0.03,طَائِرَاتِ
1.0,0.750018,0.388458,ٱنِّظَامِ
0.996102,1.03142,0.750018,ٱسُّورِيّْ

