conf,end,start,word
0.902903,0.300079,0.03,رَئِيسُ
0.996504,0.87,0.300079,ٱلْوُزَرَاءْ

