conf,end,start,word
0.982272,0.300143,0.030771,رَئِيسُ
0.992969,0.84,0.300143,ٱلْوُزَرَاءْ

