conf,end,start,word
0.826337,0.373456,0.211778,إِلَى
0.973451,0.75,0.373456,ٱلْوِلَايَاتِ
1.0,1.160943,0.75,ٱلْمُتَّحِدَةِ

