conf,end,start,word
0.669333,0.35698,0.210596,مِنَ
0.998151,0.75,0.35698,ٱلْوِلَايَاتِ
1.0,1.132383,0.75,ٱلْمُتَّحِدَةِ

