conf,end,start,word
0.996275,0.389944,0.032743,عَلَى
1.0,0.75,0.389944,ٱلْيَمَنِ

