conf,end,start,word
0.978504,0.388437,0.000814,أَنَّ
1.0,0.736204,0.388437,ٱلْيَمَنَ

