conf,end,start,word
0.797554,0.417877,0.33,فِي
0.974024,0.78,0.417877,ٱلْيَمَنْ
0.96231,1.109874,0.78,قَالَ

