conf,end,start,word
0.984063,0.419328,0.300359,فِي
0.990054,0.75,0.419328,ٱلْيَمَنْ

