conf,end,start,word
0.709241,0.311103,0.18,فِي
0.996504,0.84,0.311103,ٱلْيَمَنْ

