conf,end,start,word
0.985097,0.4177,0.033808,إِلَى
0.995054,0.73521,0.4177,ٱلْيَمَنْ

