conf,end,start,word
0.985379,0.387387,0.03,فِي
1.0,0.809908,0.387387,ٱلْيَمَنْ

