conf,end,start,word
0.639733,0.331709,0.035137,فِي
1.0,0.75,0.331709,ٱلْيَمَنْ

