conf,end,start,word
0.919163,0.78055,0.186841,ٱلْيَمَنِيَّهْ
0.57299,0.96,0.78055,إِنَّ

