conf,end,start,word
0.948286,0.298251,0.0,ٱدِّفَاعِ
0.990321,0.812054,0.298251,ٱلْيَمَنِيَّهْ
0.700579,0.99,0.812054,إِنَّ

