conf,end,start,word
0.892875,0.35983,0.0,ٱلْأَنۢبَاءِ
1.0,0.78,0.35983,ٱلْيَمَنِيَّهْ
0.940592,0.903921,0.78,إِنَّ
0.155151,1.039306,0.903921,عَبْدَ

