conf,end,start,word
0.944101,0.39,0.030538,لِيبْيَا
0.985187,0.779135,0.39,بِأَنَّ

