conf,end,start,word
0.795519,0.72,0.474079,بِأَنَّ
0.861866,1.068685,0.72,قُوَّاتٍ

