conf,end,start,word
0.923311,0.723759,0.407941,بِسْمِ
0.547683,1.161461,0.723759,ٱلْحُكُومَةِ

