conf,end,start,word
1.0,0.45,0.0,أَهْلً
0.99702,0.66,0.45,بِكُمْ
0.741638,0.839824,0.66,إِلَى

