conf,end,start,word
0.970841,0.449406,0.002324,أَهْلً
0.970841,0.66,0.45,بِكُمْ
0.926011,0.809962,0.66,إِلَى
0.265089,1.17,1.02,ٱلْأَمْنِ

