conf,end,start,word
1.0,0.45,0.0,أَهْلً
0.998564,0.689925,0.45,بِكُمْ
0.835941,0.839748,0.69,إِلَى
0.299952,1.17,1.02,ٱلْأَمْنِ

