conf,end,start,word
0.998936,0.42,0.0,أَهْلً
0.996763,0.688547,0.42,بِكُمْ

