conf,end,start,word
0.978353,0.45,0.000585,أَهْلً
0.978042,0.66,0.45,بِكُمْ
0.831694,0.810699,0.66,إِلَى
0.246323,1.17,1.02,ٱلْأَمْنِ

