conf,end,start,word
0.989739,0.45,0.0,أَهْلً
0.979805,0.688542,0.45,بِكُمْ

