conf,end,start,word
1.0,0.42,0.0,أَهْلً
0.999164,0.69,0.42,بِكُمْ
0.835094,0.901909,0.69,إِلَى

