conf,end,start,word
0.998195,0.42,0.0,أَهْلً
0.994297,0.662042,0.42,بِكُمْ
0.799422,0.841411,0.662042,إِلَى

