conf,end,start,word
1.0,0.42,0.0,أَهْلً
0.998104,0.66,0.42,بِكُمْ
0.729411,0.818481,0.66,إِلَى

