conf,end,start,word
1.0,0.39,0.0,أَهْلً
0.99843,0.749966,0.39,بِكُمْ
0.68102,0.955174,0.75,إِلَى

