conf,end,start,word
0.911786,0.48,0.0,أَهْلً
0.997416,0.693063,0.48,بِكُمْ

