conf,end,start,word
0.995864,0.48,0.27,أَهْلً
0.993162,0.69,0.48,بِكُمْ
0.758864,0.840305,0.69036,إِلَى

