conf,end,start,word
1.0,0.51,0.27,أَهْلً
0.999607,0.69,0.51,بِكُمْ
0.769463,0.849988,0.69,إِلَى
0.154972,1.17,0.99,ٱلِّقَاءْ

