conf,end,start,word
1.0,0.39,0.0,أَهْلً
0.997741,0.718514,0.39,بِكُمْ
0.786183,1.006428,0.72,إِلَى

