conf,end,start,word
1.0,0.479979,0.21,أَهْلً
0.990862,0.699181,0.48,بِكُمْ

