conf,end,start,word
0.998581,0.75,0.422067,تَنْظِيمُ
0.991788,1.031139,0.75,ٱدَّوْلَهْ

