conf,end,start,word
0.610099,0.39,0.191845,مِنْ
1.0,0.78,0.39,تَنْظِيمِ
0.989426,1.104841,0.78,ٱدَّوْلَةِ

