conf,end,start,word
0.986798,0.39,0.219952,مَعَ
1.0,0.780036,0.390396,تَنْظِيمِ
0.997352,1.099589,0.780036,ٱدَّوْلَةِ

