conf,end,start,word
0.893146,0.39,0.0,أَنَّ
0.998825,0.78,0.390726,تَنْظِيمَ
1.0,1.116924,0.78,ٱدَّوْلَةِ

