conf,end,start,word
0.990619,0.419891,0.210876,مِنْ
1.0,0.750177,0.419891,تَنْظِيمِ
0.987944,1.066989,0.750177,ٱدَّوْلَةِ

