conf,end,start,word
0.808263,0.206614,0.03,مِنْ
1.0,0.93,0.206614,جِهَتِهِ
0.572015,1.108651,0.96,قَالَ

