conf,end,start,word
0.968221,0.239946,0.03,مِنْ
1.0,0.87,0.239946,جِهَتِهِ
1.0,1.13983,0.9,قَالَ

