conf,end,start,word
0.868962,0.39,0.21,مِنْ
0.998993,0.750014,0.39,جِهَتِهِ
0.998542,0.990343,0.78,قَالَ

