conf,end,start,word
0.774817,0.39,0.3,مِنْ
0.995776,0.75,0.39,جِهَتِهِ
0.989702,0.970064,0.78,قَالَ

