conf,end,start,word
0.997587,0.359961,0.09,مِنْ
0.734554,0.764151,0.359961,جِهَتِهِ

