conf,end,start,word
0.934609,0.39,0.24,مِنْ
0.994368,0.75,0.39,جِهَتِهِ
0.958899,0.966299,0.78,قَالَ

