conf,end,start,word
0.956052,0.39,0.24,مِنْ
0.968871,0.72,0.39,جِهَتِهِ
0.974515,0.900491,0.75,قَالَ
0.770969,1.097769,0.900491,ٱرَّئِيسُ

