conf,end,start,word
0.992943,0.33,0.12,مِنْ
0.999839,0.81,0.33,جِهَتِهِ
0.772865,1.033782,0.84,قَالَ

