conf,end,start,word
0.969937,0.36,0.18,مِنْ
0.996787,0.81,0.36,جِهَتِهِ
0.911609,1.065569,0.84,قَالَ

