conf,end,start,word
0.949585,0.419474,0.27,مِنْ
0.955825,0.72,0.419474,جِهَتِهِ
0.943847,0.931592,0.75,قَالَ
0.775459,1.17,0.931592,ٱرَّئِيسُ

