conf,end,start,word
1.0,0.42,0.24,مِنْ
0.710116,0.749548,0.42,جِهَتِهِ
0.644384,0.990155,0.779376,قَالَ

