conf,end,start,word
0.945085,0.36,0.21,مِنْ
0.999584,0.78,0.36,جِهَتِهِ
0.989574,0.967138,0.81,قَالَ

