conf,end,start,word
0.965318,0.3,0.12,مِنْ
1.0,0.84,0.3,جِهَتِهِ
0.715414,1.052715,0.87,قَالَ

