conf,end,start,word
0.983659,0.27,0.03,مِنْ
1.0,0.84,0.3,جِهَتِهِ
0.983286,1.108731,0.87,قَالَ

