conf,end,start,word
0.73236,0.41987,0.33,مِنْ
0.997614,0.75,0.41987,جِهَتِهِ
0.99239,0.988545,0.78,قَالَ
0.252817,1.17,0.99,وَزِيرُ

