conf,end,start,word
0.9965,0.419928,0.246922,فِي
1.0,0.75,0.419928,حَلَبْ

