conf,end,start,word
0.99741,0.45,0.272423,فِي
1.0,0.746106,0.45,حَلَبْ

