conf,end,start,word
1.0,0.36,0.03,فِي
1.0,0.78,0.39,حَلَبْ
0.824693,0.939002,0.78,فِي

