conf,end,start,word
0.995824,0.719866,0.391662,دُونَالْدِ
0.975703,1.02,0.719866,تْرَامْبْ

