conf,end,start,word
0.960673,0.749627,0.423489,دُونَالْدِ
0.577747,1.05,0.749627,تْرَامْبْ

