conf,end,start,word
0.831429,0.36,0.03,رَئِيسْ
0.979086,0.72,0.389894,دُونَالْدِ
0.993281,1.079771,0.72,تْرَامْبْ

