conf,end,start,word
0.284919,0.39,0.060364,رَئِيسْ
1.0,0.75,0.42,دُونَالْدِ
0.968342,1.108869,0.75,تْرَامْبْ

