conf,end,start,word
0.651595,0.419949,0.180938,قَالَ
0.99332,0.72,0.419949,رَئِيسُ
1.0,1.14,0.72,ٱلْوُزَرَاءِ

