conf,end,start,word
1.0,0.42,0.065481,إِلَى
0.998595,0.690112,0.42,رَئِيسِ
0.992304,1.079998,0.690112,ٱلْحُكُومَةِ

