conf,end,start,word
1.0,0.42,0.18,قَالَ
1.0,0.720257,0.42,رَئِيسُ
0.984323,1.082333,0.720257,ٱلْحُكُومَةِ

