conf,end,start,word
0.942411,0.78,0.371317,صَالِحْ
0.970925,1.14,0.81,رَئِيسُ

