conf,end,start,word
0.763728,0.33,0.030008,قُوَّاتُ
0.999851,0.780473,0.36,صَالِحْ
0.848319,0.992689,0.780473,عَلَى

