conf,end,start,word
0.893043,0.220989,0.03,عَبْدِ
0.716331,0.39,0.220989,ٱلَّهْ
1.0,0.75,0.39,صَالِحْ
0.690227,1.109849,0.75,فِي

