conf,end,start,word
0.97896,0.267396,0.041055,عَبْدِ
0.908295,0.42,0.267396,ٱلَّهْ
1.0,0.75,0.42,صَالِحْ
0.860209,1.139607,0.78,قُتِلُو

