conf,end,start,word
0.741142,0.750045,0.42,طَائِرَاتِ
0.739019,1.109624,0.750045,ٱتَّحَالُفِ

