conf,end,start,word
0.746372,0.39,0.001576,أَنَّ
0.759211,0.809734,0.39,طَائِرَاتٍ

