conf,end,start,word
0.91532,0.780228,0.361402,طَائِرَاتُ
0.86483,1.109723,0.78042,ٱنِّظَامِ

