conf,end,start,word
0.996468,0.810071,0.33,طَائِرَاتُ
0.990975,1.169415,0.810071,ٱنِّظَامِ

