conf,end,start,word
0.99373,0.810091,0.33,طَائِرَاتُ
0.987261,1.096223,0.810091,ٱنِّظَامِ

