conf,end,start,word
0.867552,0.39,0.03,بِأَنَّ
0.998508,0.78,0.390036,طَائِرَاتِ
0.892039,1.031235,0.78,ٱنِّظَامِ

