conf,end,start,word
0.92789,0.48,0.24609,عَلِيِّ
1.0,0.66,0.48,عَبْدَ
0.979783,0.81,0.66,ٱلَّهْ
1.0,1.167567,0.81,صَالِحْ

