conf,end,start,word
0.980508,0.51,0.301781,عَلِيِّ
1.0,0.66,0.51,عَبْدَ
0.998814,0.78,0.66,ٱلَّهْ
1.0,1.090118,0.78,صَالِحْ

