conf,end,start,word
0.955572,0.33,0.03,مَصَادِرُ
0.999608,0.812072,0.33,عَسْكَرِيَّةٌ
0.468199,0.964386,0.812072,إِنَّ

