conf,end,start,word
0.736485,0.357831,0.03,مَوَاقِعَ
0.939967,0.822775,0.357831,عَسْكَرِيَّةٍ

