conf,end,start,word
1.0,0.48,0.0,ٱلْمَخْلُوعِ
1.0,0.66,0.48,عَلِيِّ
1.0,1.053296,0.69,صَالِحْ
0.500893,1.169072,1.053296,فِي

