conf,end,start,word
0.997948,0.66,0.497258,فِي
0.997948,1.072271,0.66,ٱلْيَمَنْ

