conf,end,start,word
1.0,0.480021,0.0,ٱلْجَزِيرَهْ
0.993346,0.63,0.480021,فِي
1.0,1.08,0.630089,قَطَرْ

