conf,end,start,word
0.820582,0.69,0.48,قَالَ
0.99512,0.93,0.695187,وَزِيرُ
1.0,1.14,0.930146,ٱدِّفَاعِ

