conf,end,start,word
0.65415,0.659866,0.48,قَالَ
1.0,0.943099,0.669937,وَزِيرُ

