conf,end,start,word
0.910272,0.42,0.032896,جِهَتِهِ
1.0,0.687525,0.447741,قَالَ
0.897738,1.044105,0.69,رَئِيسُ

