conf,end,start,word
0.579153,0.78,0.395576,قَالَتْ
0.785469,0.96,0.780165,إِنَّ

