conf,end,start,word
0.591588,0.45,0.33,قَالَ
0.270386,0.57,0.45,قَالَ
0.083248,1.08,0.96,بِاسْمِ

