conf,end,start,word
0.926296,0.629203,0.33,قَالَتْ
1.0,0.900454,0.630738,وِزَارَةُ
0.91744,1.08,0.900454,ٱدِّفَاعِ

