conf,end,start,word
0.711233,0.78,0.36,قَالَتْ
0.912012,1.079258,0.782602,وِزَارَةُ

