conf,end,start,word
0.999319,0.78,0.03,قُتِلُو
0.982818,0.929802,0.78,فِي

