conf,end,start,word
0.928664,0.810428,0.33,قُتِلُو
0.890696,0.987678,0.810428,فِي

