conf,end,start,word
0.872534,0.388838,0.238822,فِي
1.0,0.78,0.388838,قَطَرْ

