conf,end,start,word
0.955118,0.42,0.270452,فِي
0.999117,0.720386,0.42,قَطَرْ
0.973778,0.988989,0.720386,أَهْلً
0.769661,1.14,0.99,بِكُمْ

