conf,end,start,word
0.8689,0.39,0.269606,فِي
0.996301,0.796564,0.426237,قَطَرْ

