conf,end,start,word
0.997132,0.39,0.174426,فِي
1.0,0.75,0.390086,قَطَرْ

