conf,end,start,word
0.685396,0.36,0.053818,فِي
0.998054,0.84,0.360516,قَطَرْ

