conf,end,start,word
0.658941,0.417981,0.00549,أَنَّ
1.0,0.75,0.421733,قَنَاةَ
1.0,1.16626,0.75,ٱلْجَزِيرَهْ

