conf,end,start,word
0.792458,0.39,0.031065,مِنْ
0.992195,0.78,0.39,قَنَاةِ
1.0,1.17,0.780234,ٱلْجَزِيرَهْ

