conf,end,start,word
0.860617,0.419862,0.035366,مِنْ
1.0,0.69,0.419862,قَنَاةِ
1.0,1.168052,0.69,ٱلْجَزِيرَهْ

