conf,end,start,word
0.941486,0.419688,0.18,مِنْ
1.0,0.69,0.419688,قَنَاةِ
1.0,1.056375,0.69,ٱلْجَزِيرَهْ

