conf,end,start,word
0.843379,0.45,0.300496,مِنْ
0.99817,0.69,0.45,قَنَاةِ
1.0,1.092505,0.69,ٱلْجَزِيرَهْ

