conf,end,start,word
0.478473,0.389022,0.243805,مِنْ
0.857898,0.75,0.389022,قَنَاةِ
0.935567,1.159289,0.75,ٱلْجَزِيرَهْ

