conf,end,start,word
0.998221,0.449968,0.03,مِنْ
1.0,0.72,0.449968,قَنَاةِ
1.0,1.169578,0.72,ٱلْجَزِيرَهْ

