conf,end,start,word
0.961632,0.449894,0.24,مِنْ
0.913432,0.69,0.451065,قَنَاةِ
0.997748,1.149749,0.69,ٱلْجَزِيرَهْ

