conf,end,start,word
0.892782,0.36,0.0,ٱلْأَنۢبَاءِ
0.545139,0.446815,0.36,مِنْ
0.977382,0.72,0.446815,قَنَاةِ
1.0,1.074531,0.72,ٱلْجَزِيرَهْ

