conf,end,start,word
0.878264,0.78,0.271991,قُوَّاتِ
0.820245,1.064733,0.780089,ٱنِّظَامِ

