conf,end,start,word
0.977896,0.42,0.0,أَنَّ
1.0,0.752958,0.420068,قُوَّاتِ
0.765629,0.991999,0.752958,ٱنِّظَامِ
0.519892,1.17,0.991999,ٱسُّورِيِّ

