conf,end,start,word
0.971952,0.87,0.269691,لِلْجَزِيرَهْ
0.892543,1.068741,0.87,إِنَّ

