conf,end,start,word
0.898768,0.33,0.03,مَصَادِرُ
0.927336,0.84,0.330924,لِلْجَزِيرَهْ
0.745987,0.990475,0.84,أَنَّ

