conf,end,start,word
1.0,0.810005,0.33,ٱلْجَزِيرَهْ
0.77332,0.934453,0.810005,أَنَّ

