conf,end,start,word
0.997991,0.3,0.03,مَصَادِرُ
0.998791,0.84,0.300024,لِلْجَزِيرَهْ
0.946971,0.963104,0.84,إِنَّ

