conf,end,start,word
0.995216,0.84,0.271002,لِلْجَزِيرَهْ
0.888656,1.008209,0.84,إِنَّ

