conf,end,start,word
0.772282,0.415566,0.27,فِي
0.981593,0.69,0.415566,لِيبْيَا

