conf,end,start,word
0.936592,0.389052,0.030729,فِي
1.0,0.75,0.389052,لِيبْيَا

