conf,end,start,word
0.876371,0.78,0.341377,لِيبْيَا
0.83927,0.93,0.78,مِنَ

