conf,end,start,word
0.979655,0.389595,0.180598,فِي
1.0,0.81,0.389595,لِيبْيَا

