conf,end,start,word
0.997644,0.359671,0.03,مِنْ
1.0,0.81,0.359671,لِيبْيَا

