conf,end,start,word
0.997256,0.449901,0.27,فِي
1.0,0.72,0.449901,لِيبْيَا
0.926457,0.87,0.72,إِنَّ

