conf,end,start,word
0.992823,0.419934,0.27502,فِي
1.0,0.75,0.419934,مَجْلِسِ
1.0,1.11,0.75,ٱلْأَمْنِ

