conf,end,start,word
0.346537,0.387298,0.25384,مِنْ
0.994972,0.78,0.387298,مَجْلِسِ
1.0,1.139947,0.78,ٱلْأَمْنِ

