conf,end,start,word
0.855774,0.419789,0.0,أَنَّ
1.0,0.72,0.419789,مَجْلِسَ
0.998037,1.069537,0.72,ٱلْأَمْنِ

