conf,end,start,word
1.0,0.78006,0.046555,مَجْلِسِ
0.990596,1.030771,0.78006,ٱلْأَمْنِ

