conf,end,start,word
0.519376,0.33,0.03,مَعَ
1.0,0.75,0.361293,مُحَمَّدْ
1.0,0.96027,0.75,عَلِيِّ
0.312737,1.17,0.96027,ٱلْحُوثِيِّ

