conf,end,start,word
0.936046,0.39,0.0,ٱلْيَمَنِ
1.0,0.75002,0.39,مُحَمَّدْ
0.985469,0.93,0.75002,عَبْدِ
0.822292,1.169233,0.93,ٱسَّلَامْ

