conf,end,start,word
0.93332,0.359583,0.210314,فِي
0.972195,0.779904,0.359583,مَدِينَةِ

