conf,end,start,word
0.987961,0.36,0.12,قَالَ
0.779006,0.78,0.36,مُرَاسِلُ
0.996793,1.156175,0.78,ٱلْجَزِيرَهْ

