conf,end,start,word
1.0,0.36,0.09,قَالَ
0.964494,0.81,0.36,مُرَاسِلُ
0.988784,1.139223,0.811077,ٱلْجَزِيرَهْ

