conf,end,start,word
0.988586,0.38987,0.15,قَالَ
1.0,0.78,0.38987,مُرَاسِلُ
0.986742,1.135745,0.78,ٱلْجَزِيرَهْ

