conf,end,start,word
0.993714,0.359937,0.03,قَالَ
0.979572,0.72,0.359937,مُرَاسِلُ
1.0,1.124264,0.720613,ٱلْجَزِيرَهْ

