conf,end,start,word
0.996531,0.39,0.03,قَالَ
0.519369,0.780085,0.39,مُرَاسِلُ
0.996581,1.162982,0.794468,ٱلْجَزِيرَهْ

