conf,end,start,word
0.996312,0.36,0.09,قَالَ
0.873797,0.81,0.36,مُرَاسِلُ
0.948112,1.169779,0.813993,ٱلْجَزِيرَهْ

