conf,end,start,word
0.930406,0.358812,0.09,قَالَ
0.675012,0.78,0.39,مُرَاسِلُ
1.0,1.158413,0.78,ٱلْجَزِيرَهْ

