conf,end,start,word
0.956641,0.810018,0.36,مُرَاسِلُ
0.989217,1.127173,0.810018,ٱلْجَزِيرَهْ

