conf,end,start,word
0.948728,0.329721,0.03,قَالَ
0.925115,0.81,0.329721,مُرَاسِلُ
1.0,1.166512,0.81,ٱلْجَزِيرَهْ

