conf,end,start,word
0.991842,0.33,0.03,قَالَتْ
1.0,0.81,0.33,مَصَادِرُ
0.982074,0.9,0.81,فِي
0.839204,1.16942,0.9,ٱلْجَيْشِ

