conf,end,start,word
0.991535,0.33,0.03,قَالَتْ
1.0,0.78,0.33,مَصَادِرُ
0.997692,0.961077,0.78,فِي
0.9206,1.17,0.961077,وِزَارَةِ

