conf,end,start,word
0.718349,0.483309,0.0,ٱلْأَنۢبَاءِ
0.951546,0.6,0.484996,مِنْ
1.0,0.900059,0.6,قَنَاةِ
0.92853,1.17,0.900059,ٱلْجَزِيرَهْ

