conf,end,start,word
0.978283,0.26987,0.03,عَلَى
0.573505,0.871834,0.26987,مَوَاقِعَ

