conf,end,start,word
0.94667,0.209691,0.03,عَلَى
0.978637,0.87,0.209691,مَوَاقِعَ

