conf,end,start,word
0.992906,0.449955,0.301975,فِي
1.0,0.72,0.449955,وِزَارَةِ
1.0,1.169733,0.72,ٱلْخَارِجِيَّةِ

