conf,end,start,word
0.5119,0.42,0.21,قَالَ
1.0,0.720031,0.420074,وَزِيرُ
0.998199,1.138178,0.720031,ٱلْخَارِجِيَّةِ

