conf,end,start,word
0.783606,0.33,0.0,أَنَّ
0.995389,0.75,0.361546,وَزِيرَ
1.0,1.169678,0.750138,ٱلْخَارِجِيَّةِ

