conf,end,start,word
0.920015,0.42,0.06,قَالَ
1.0,0.720503,0.4224,وَزِيرُ
0.97206,1.167793,0.720503,ٱلْخَارِجِيَّةِ

