conf,end,start,word
0.969892,0.962369,0.18,وَقُوَّاتِ
0.414909,1.17,0.962369,ٱرَّئِيسِ

