conf,end,start,word
0.99885,0.39,0.0,ٱلْحُوثِيِّ
0.999172,0.78,0.390013,وَقُوَّاتِ
0.857054,1.015077,0.78,ٱرَّئِيسِ

