conf,end,start,word
0.993472,0.812407,0.36,وَقُوَّاتِ
0.770003,1.088277,0.812407,ٱرَّئِيسِ

