conf,end,start,word
0.980226,0.329801,0.0,ٱلْحُوثِيِّ
0.997087,0.84,0.329801,وَقُوَّاتِ
0.977085,1.109225,0.87,صَالِحْ

