conf,end,start,word
0.989992,0.81007,0.33,وَقُوَّاتِ
0.959957,1.098924,0.81007,ٱنِّظَامِ

