conf,end,start,word
0.996518,0.209765,0.03,في
1.0,0.51,0.209765,ليبيا
0.797021,0.66,0.51,إن
