conf,end,start,word
0.431705,0.36,0.210286,أن
1.0,0.75,0.377671,الأمم
1.0,1.169627,0.75,المتحدة
