conf,end,start,word
0.855629,0.35945,0.0,الجزيرة
0.996846,0.450665,0.35945,في
1.0,0.72,0.450665,الأمم
1.0,1.168294,0.72,المتحدة
