conf,end,start,word
0.678552,0.75,0.399433,الأمم
1.0,1.138237,0.75,المتحدة
