conf,end,start,word
0.996645,0.72,0.372763,الأمم
1.0,1.123373,0.72,المتحدة
