conf,end,start,word
0.577263,0.3,0.0,أن
0.99846,0.78,0.360439,الأمم
1.0,1.135803,0.78,المتحدة
