conf,end,start,word
0.679151,0.416466,0.21,إن
0.997582,0.75,0.416466,الأمم
1.0,1.159962,0.75,المتحدة
