conf,end,start,word
0.982787,0.75,0.219051,الأمم
1.0,1.144539,0.75,المتحدة
