conf,end,start,word
0.96072,0.388509,0.03,قوات
1.0,0.78,0.388509,الأمن
