conf,end,start,word
0.805068,0.172237,0.03,إلى
0.950294,0.45,0.172237,مجلس
1.0,0.72,0.45,الأمن
1.0,1.042898,0.72,الدولي
