conf,end,start,word
0.991723,0.42,0.030475,مجلس
1.0,0.72,0.42,الأمن
1.0,1.135511,0.72,الدولي
