conf,end,start,word
0.975812,0.36,0.03,مجلس
1.0,0.78,0.36,الأمن
0.926879,1.169633,0.81,الدولي
