conf,end,start,word
0.946581,0.42,0.03,قوات
0.974192,0.75,0.42,الأمن
0.972751,1.1385,0.750755,قتلوا
