conf,end,start,word
0.984241,0.900276,0.0,الأميركية
0.897927,1.028799,0.900276,في
