conf,end,start,word
0.773415,0.87,0.24,الأميركية
0.251877,0.987464,0.87,أن
