conf,end,start,word
0.968978,0.329443,0.0,الدفاع
0.889426,0.84,0.329443,الأميركية
