conf,end,start,word
0.981518,0.750277,0.36,الأنباء
0.96162,0.9,0.750277,من
