conf,end,start,word
0.924138,0.78,0.158584,الأنباء
0.994987,0.96,0.78,من
