conf,end,start,word
0.784122,0.784959,0.36615,الأنباء
0.641761,0.9,0.784959,من
