conf,end,start,word
0.732775,0.420023,0.03,مجلس
0.884479,0.75,0.421864,الأنباء
0.893265,0.9,0.75,من
