conf,end,start,word
0.800709,0.783228,0.195732,الأنباء
0.761067,0.959401,0.81,من
