conf,end,start,word
0.67748,0.75,0.423097,الأنباء
0.837305,0.84,0.75,من
0.955174,1.10882,0.842829,قناة
