conf,end,start,word
0.968091,0.78,0.034054,الأنباء
0.881095,0.961725,0.780017,من
