conf,end,start,word
0.748843,0.253336,0.0,الجيش
0.999469,0.84,0.253336,الإسرائيلي
