conf,end,start,word
0.956213,0.929494,0.0,الإسرائيلي
0.867192,1.036345,0.929983,في
