conf,end,start,word
0.998372,0.900022,0.0,الإسرائيلي
0.967252,1.022176,0.900022,في
