conf,end,start,word
0.920734,0.320724,0.0,الدولة
0.997102,0.84,0.320724,الإسلامية
