conf,end,start,word
1.0,0.9,0.003962,الإسلامية
0.913266,1.039622,0.900131,في
