conf,end,start,word
0.976981,0.327632,0.0,الدولة
0.995294,0.84,0.327632,الإسلامية
