conf,end,start,word
0.987181,0.298633,0.0,الدولة
1.0,0.84,0.298633,الإسلامية
0.965221,1.032352,0.84,على
