conf,end,start,word
0.48659,0.235662,0.0,الدولة
0.986795,0.9,0.235662,الإسلامية
