conf,end,start,word
0.743977,0.33,0.0,الدولة
0.748544,0.81,0.33,الإسلامية
0.75178,1.168835,0.81,قتلوا
