conf,end,start,word
0.990543,0.299058,0.03,في
1.0,0.84,0.299058,البلاد
