conf,end,start,word
0.998001,0.329746,0.03,إلى
1.0,0.81,0.329746,البلاد
