conf,end,start,word
0.982417,0.358797,0.245926,في
1.0,0.84,0.358797,البلاد
