conf,end,start,word
0.908793,0.318955,0.034299,في
1.0,0.81,0.318955,البلاد
