conf,end,start,word
0.99127,0.299319,0.12,في
1.0,0.81,0.299319,البلاد
