conf,end,start,word
0.863847,0.329077,0.18,في
1.0,0.84,0.329077,البلاد
