conf,end,start,word
0.846489,0.416981,0.24,في
1.0,0.78,0.416981,البلاد
