conf,end,start,word
0.917484,0.348373,0.051465,في
1.0,0.81,0.348373,البلاد
