conf,end,start,word
0.787416,0.331726,0.03,طائرات
1.0,0.78,0.331726,التحالف
1.0,1.138746,0.78,الدولي
