conf,end,start,word
0.99134,0.328905,0.03,من
1.0,0.81,0.328905,التحالف
1.0,1.162591,0.81,الدولي
