conf,end,start,word
0.998284,0.84,0.093193,التحالف
0.998187,1.082698,0.84,الدولي
