conf,end,start,word
0.933118,0.36,0.03,قوات
1.0,0.78,0.36,التحالف
0.989913,1.124981,0.78,الدولي
