conf,end,start,word
0.793241,0.825015,0.354092,التركي
