conf,end,start,word
1.0,0.3,0.03,قناة
1.0,0.811032,0.3,الجزيرة
0.86547,0.988909,0.811032,في
