conf,end,start,word
0.945214,0.323505,0.03,قناة
1.0,0.78,0.323505,الجزيرة
