conf,end,start,word
0.969138,0.327549,0.03,قناة
0.988378,0.81,0.327549,الجزيرة
