conf,end,start,word
0.991873,0.35994,0.03,مراسل
1.0,0.78,0.35994,الجزيرة
0.799727,0.96,0.78,أن
