conf,end,start,word
0.780506,0.306424,0.03,مراسل
0.994416,0.84,0.306424,الجزيرة
