conf,end,start,word
0.903131,0.356352,0.03,مراسل
1.0,0.81,0.356352,الجزيرة
0.565427,1.11,0.81,إن
