conf,end,start,word
0.998268,0.809875,0.000783,الجزيرة
0.827395,0.930073,0.81,أن
