conf,end,start,word
0.835906,0.324554,0.03,مراسل
1.0,0.81,0.324554,الجزيرة
