conf,end,start,word
0.826461,0.324667,0.03,على
1.0,0.786682,0.324667,الجزيرة
