conf,end,start,word
0.993559,0.358983,0.03,قناة
1.0,0.78,0.358983,الجزيرة
0.951234,0.93,0.78,في
0.723538,1.169682,0.93,قطر
