conf,end,start,word
0.798128,0.281843,0.03,قناة
1.0,0.87,0.281843,الجزيرة
