conf,end,start,word
0.99558,0.389106,0.0,أن
1.0,0.75,0.389106,الجيش
1.0,1.14,0.75,الوطني
