conf,end,start,word
0.905013,0.84,0.312095,الجيش
0.502945,1.169313,0.84,الوطني
