conf,end,start,word
0.754606,0.36,0.0,أن
1.0,0.72,0.374125,الجيش
1.0,1.109876,0.72,الأميركي
