conf,end,start,word
0.988271,0.329899,0.03,رئيس
1.0,0.81,0.329899,الحكومة
