conf,end,start,word
1.0,0.840049,0.044781,الحكومة
0.978479,1.14,0.840049,اليمنية
