conf,end,start,word
1.0,0.835606,0.006321,الحوثي
0.726566,1.135487,0.84,صالح
