conf,end,start,word
0.957245,0.27,0.03,وزير
1.0,0.81,0.270502,الخارجية
0.732998,1.17,0.81,الأميركي
