conf,end,start,word
0.874471,0.232731,0.03,وزير
1.0,0.870069,0.232731,الخارجية
0.799083,1.17,0.870069,الإيراني
