conf,end,start,word
0.885709,0.323551,0.210483,في
0.993842,0.84,0.323551,الخارجية
1.0,1.17,0.84,الأميركية
