conf,end,start,word
0.99723,0.867158,0.065266,الخارجية
0.262921,1.17,0.87,الأميركي
