conf,end,start,word
0.860058,0.265961,0.03,وزير
1.0,0.87,0.265961,الخارجية
0.566917,1.17,0.87,الأميركي
