conf,end,start,word
0.805222,0.255866,0.03,باسم
1.0,0.870127,0.255866,الخارجية
0.815015,1.17,0.870127,الأميركية
