conf,end,start,word
0.98095,0.27,0.03,وزارة
1.0,0.811904,0.3,الدفاع
0.650919,1.14,0.811904,الأميركية
