conf,end,start,word
1.0,0.39,0.030144,وزارة
1.0,0.751922,0.39,الدفاع
0.670628,1.14,0.751922,الأميركية
