conf,end,start,word
0.980382,0.36,0.03,وزير
1.0,0.78,0.36,الدفاع
0.82823,1.04719,0.78,التركي
