conf,end,start,word
0.995516,0.39,0.03,وزارة
1.0,0.750641,0.39,الدفاع
0.538834,1.092271,0.750641,العراقية
