conf,end,start,word
1.0,0.42,0.03,وزير
1.0,0.750046,0.42,الدفاع
0.950158,1.105903,0.750046,الأميركي
