conf,end,start,word
0.987547,0.329199,0.03,تنظيم
1.0,0.81,0.329199,الدولة
