conf,end,start,word
1.0,0.39,0.03,وزير
1.0,0.720017,0.39,الدولة
0.977598,1.099432,0.720017,السعودية
