conf,end,start,word
1.0,0.36,0.03,تنظيم
1.0,0.780278,0.36,الدولة
0.964796,0.93016,0.780278,في
0.730888,1.17,0.93016,مدينة
