conf,end,start,word
0.741871,0.276225,0.03,تنظيم
1.0,0.81,0.276225,الدولة
