conf,end,start,word
0.965938,0.328084,0.03,تنظيم
0.994101,0.81,0.328084,الدولة
