conf,end,start,word
0.892151,0.326566,0.03,تنظيم
1.0,0.81,0.326566,الدولة
