conf,end,start,word
0.813168,0.861125,0.027696,الدولي
