conf,end,start,word
0.540237,0.291958,0.0,النظام
0.993724,0.84,0.291958,الدولي
