conf,end,start,word
0.71258,0.297786,0.0,التحالف
0.995999,0.84,0.297786,الدولي
