conf,end,start,word
0.995804,0.3,0.03,قال
1.0,0.78,0.330056,الرئيس
0.827863,1.17,0.87,الإيراني
