conf,end,start,word
0.777224,0.3863,0.09,قال
0.98777,0.749614,0.397053,الرئيس
0.997751,1.139838,0.84,الأميركي
