conf,end,start,word
1.0,0.420024,0.15,قال
0.93851,0.78003,0.420024,الرئيس
0.957466,1.14,0.78003,الإيراني
