conf,end,start,word
0.672082,0.3469,0.030711,قوات
1.0,0.81,0.3469,الرئيس
1.0,1.17,0.81,المخلوع
