conf,end,start,word
1.0,0.45,0.21,قال
1.0,0.721055,0.45,الرئيس
0.935951,1.05076,0.721055,التركي
