conf,end,start,word
1.0,0.84,0.0,السعودية
0.913037,0.932326,0.84,في
0.360169,1.08,0.932326,اليمن
