conf,end,start,word
0.793906,0.281529,0.03,في
0.999406,0.87,0.281529,السعودية
