conf,end,start,word
0.977401,0.87,0.101758,السعودية
0.922974,0.960399,0.870384,في
