conf,end,start,word
0.998162,0.299816,0.03,مع
1.0,0.84,0.299816,السعودية
