conf,end,start,word
0.997712,0.329824,0.09,أن
1.0,0.84,0.329824,السعودية
