conf,end,start,word
0.889859,0.205622,0.03,من
1.0,0.93,0.205622,السعودية
