conf,end,start,word
0.993355,0.78,0.39,السلام
1.0,1.034354,0.78,عليكم
0.512365,1.17,1.034354,ورحمة
