conf,end,start,word
0.986321,0.75,0.410732,السلام
1.0,1.118959,0.75,عليكم
