conf,end,start,word
0.987926,0.84,0.303643,السلام
0.755817,1.17,1.02,عليكم
