conf,end,start,word
0.961514,0.72,0.0,السلام
1.0,1.025828,0.72,عليكم
0.797884,1.17,1.025828,ورحمة
