conf,end,start,word
0.987741,0.358148,0.074869,عبد
1.0,0.75,0.358148,السلام
0.520464,0.87,0.75,إن
