conf,end,start,word
0.834339,0.75,0.39,السلام
1.0,1.020247,0.75,عليكم
0.988453,1.17,1.020247,ورحمة
