conf,end,start,word
0.974487,0.75,0.42,السلام
1.0,1.029746,0.75,عليكم
0.510617,1.17,1.029746,ورحمة
