conf,end,start,word
0.901812,0.72,0.001023,السلام
0.836808,0.991168,0.75,قال
0.268046,1.17,0.991168,وزير
