conf,end,start,word
0.760839,0.75,0.42,السلام
1.0,1.023718,0.75,عليكم
0.875355,1.17,1.023718,ورحمة
