conf,end,start,word
0.999563,0.84,0.0,الشعبية
0.87125,0.990714,0.840178,في
