conf,end,start,word
0.737087,0.81,0.085899,الشعبية
0.574503,1.17,0.81,للجزيرة
