conf,end,start,word
0.997145,0.84,0.001126,الشعبية
0.869191,0.9605,0.84,في
