conf,end,start,word
0.930775,0.27,0.03,على
1.0,0.757429,0.330889,العراق
