conf,end,start,word
1.0,0.39,0.27,في
1.0,0.75,0.39,العراق
0.976678,0.965199,0.78,قال
