conf,end,start,word
0.968241,0.296977,0.030726,في
1.0,0.87,0.296977,العراق
