conf,end,start,word
0.632616,0.426547,0.318921,في
0.960231,0.75,0.426547,العراق
