conf,end,start,word
0.902279,0.410331,0.3,في
1.0,0.75,0.410331,العراق
