conf,end,start,word
0.992139,0.299717,0.15,في
1.0,0.84,0.299717,العراق
