conf,end,start,word
0.988021,0.419101,0.24,في
0.998232,0.75,0.419101,العراق
0.96612,1.11,0.779945,قالت
