conf,end,start,word
0.955776,1.018611,0.036984,العراق
