conf,end,start,word
0.994074,0.809111,0.044052,العراق
0.968148,0.970025,0.81,من
