conf,end,start,word
0.999247,0.87,0.000166,العراقية
0.283525,0.998293,0.87,إن
