conf,end,start,word
0.997272,0.84,0.000943,العراقية
0.753063,0.993032,0.84,إن
