conf,end,start,word
1.0,0.84,0.139592,العراقية
0.931593,0.965311,0.84,إلى
