conf,end,start,word
0.996663,0.299614,0.0,الأمن
0.958092,0.81,0.299614,العراقية
