conf,end,start,word
0.686964,0.298898,0.0,الدفاع
0.968871,0.840057,0.298898,العراقية
