conf,end,start,word
0.814801,0.41852,0.27,إلى
1.0,0.75,0.41852,اللقاء
