conf,end,start,word
0.80301,0.387141,0.21,إلى
1.0,0.78,0.387141,اللقاء
