conf,end,start,word
0.975568,0.419937,0.241601,إلى
1.0,0.78,0.419937,اللقاء
