conf,end,start,word
0.976262,0.3,0.03,علي
1.0,0.51,0.3,عبد
0.954703,0.66,0.51,الله
1.0,1.109808,0.66,صالح
