conf,end,start,word
0.964134,0.27,0.0,الأمم
1.0,0.87,0.27,المتحدة
0.800613,1.019545,0.87,إلى
0.475786,1.17,1.02,اليمن
