conf,end,start,word
0.718143,0.222818,0.0,الأمم
1.0,0.877239,0.222818,المتحدة
