conf,end,start,word
0.947271,0.268134,0.0,الأمم
1.0,0.84,0.268134,المتحدة
0.656104,1.07612,0.84,إلى
