conf,end,start,word
0.973801,0.3,0.0,الأمم
1.0,0.87,0.3,المتحدة
0.976724,1.019879,0.87,إلى
0.605691,1.17,1.02,اليمن
