conf,end,start,word
0.996619,0.93,0.012775,المتحدث
0.922963,1.167734,0.93011,باسم
