conf,end,start,word
0.986134,0.84,0.027644,المتحدث
0.992391,1.043907,0.840419,باسم
