conf,end,start,word
0.920001,0.9,0.0,المتحدث
0.990874,1.17,0.900537,باسم
