conf,end,start,word
0.879061,0.9,0.0,المتحدث
0.845836,1.08,0.904506,باسم
