conf,end,start,word
0.993021,0.84,0.001643,المتحدث
0.910238,1.136604,0.840432,باسم
