conf,end,start,word
0.96454,0.87,0.0,المتحدث
0.647084,1.138077,0.870068,باسم
