conf,end,start,word
0.996642,0.87,0.000851,المتحدث
1.0,1.17,0.870101,باسم
