conf,end,start,word
0.951464,0.87,0.0,المتحدث
0.996537,1.168214,0.871461,باسم
