conf,end,start,word
0.975679,0.87,0.0,المتحدث
0.988406,1.169435,0.870851,باسم
