conf,end,start,word
0.984943,0.84,0.17716,المتحدث
0.902419,1.168901,0.840507,باسم
