conf,end,start,word
0.986596,0.269335,0.03,قال
1.0,0.84,0.269335,المتحدث
0.995446,1.087241,0.84,باسم
