conf,end,start,word
0.996522,0.84,0.039011,المتحدث
0.997266,1.051263,0.840105,باسم
