conf,end,start,word
0.977951,0.87,0.047483,المتحدث
0.981135,1.14,0.87,باسم
