conf,end,start,word
0.496617,0.977006,0.0,المتحدث
0.660185,1.14,1.009764,باسم
