conf,end,start,word
0.990311,0.87,0.24,المتحدث
0.950933,1.162892,0.87,باسم
