conf,end,start,word
0.985276,0.268974,0.06,قال
1.0,0.870032,0.268974,المتحدث
0.963509,1.167355,0.870032,باسم
