conf,end,start,word
0.481411,1.044322,0.867267,إلى
