conf,end,start,word
0.771419,0.319351,0.240206,في
0.989829,0.779856,0.319351,المعارضة
0.998797,1.0504,0.779857,السورية
