conf,end,start,word
0.996525,0.329576,0.03,من
1.0,0.84,0.329576,المعارضة
1.0,1.104119,0.84,السورية
