conf,end,start,word
1.0,0.81,0.031582,المعارضة
0.99888,1.081242,0.81,السورية
0.181802,1.17,1.081242,على
