conf,end,start,word
0.824132,0.231575,0.0,أن
1.0,0.9,0.231575,المعارضة
0.230543,1.17,0.96,السورية
