conf,end,start,word
0.868832,0.9,0.009437,المعارضة
0.919491,1.017421,0.9,في
