conf,end,start,word
0.873462,0.84,0.006132,المعارضة
0.995362,1.166457,0.84,السورية
