conf,end,start,word
0.998797,0.900551,0.003694,المعارضة
0.266937,1.17,0.93,السورية
