conf,end,start,word
0.997563,0.269809,0.0,أن
1.0,0.930158,0.269809,المعارضة
0.754603,1.14,0.930158,السورية
