conf,end,start,word
0.814091,0.229755,0.03,في
1.0,0.9,0.229755,المعارضة
0.994789,1.11,0.9,السورية
