conf,end,start,word
0.999172,0.359874,0.03,مع
1.0,0.81,0.359874,المعارضة
1.0,1.110378,0.81,السورية
