conf,end,start,word
0.701879,0.256013,0.03,في
0.690247,0.870067,0.256013,المقاومة
0.998461,1.169544,0.879096,الشعبية
