conf,end,start,word
0.92698,0.870017,0.0,المقاومة
0.997949,1.169402,0.870017,الشعبية
