conf,end,start,word
0.984302,0.268734,0.0,أن
1.0,0.9,0.268734,المقاومة
0.992816,1.17,0.9,الشعبية
