conf,end,start,word
0.95173,0.295425,0.03,مع
1.0,0.870026,0.295425,المقاومة
0.997236,1.14,0.870026,الشعبية
