conf,end,start,word
0.995825,0.359365,0.03,مع
1.0,0.81,0.359365,النظام
