conf,end,start,word
0.891759,0.325915,0.03,قوات
1.0,0.81,0.325915,النظام
