conf,end,start,word
1.0,0.75,0.363698,النظام
0.999128,1.076269,0.75,السوري
