conf,end,start,word
1.0,0.870183,0.0,النظام
0.606597,1.137085,0.870183,السوري
