conf,end,start,word
0.990419,0.78,0.347307,النظام
0.990201,1.087461,0.78,السوري
