conf,end,start,word
0.990565,0.36,0.03,طائرات
1.0,0.78,0.36,النظام
0.977477,1.129886,0.78,السوري
