conf,end,start,word
0.96563,0.78,0.205429,النظام
0.99867,1.078433,0.78,السوري
