conf,end,start,word
0.89713,0.325515,0.03,قوات
1.0,0.84,0.325515,النظام
