conf,end,start,word
0.687067,0.380851,0.03,طائرات
1.0,0.75,0.380851,النظام
1.0,1.167861,0.75,السوري
