conf,end,start,word
0.994946,0.45,0.03,قوات
1.0,0.720012,0.45,النظام
0.998174,1.031165,0.720012,السوري
