conf,end,start,word
0.922013,0.39,0.030769,رئيس
1.0,0.72,0.39,الوزراء
0.877704,1.079444,0.72,الإسرائيلي
