conf,end,start,word
0.699896,0.39,0.03034,رئيس
1.0,0.750035,0.39,الوزراء
0.997847,1.17,0.750035,الإسرائيلي
