conf,end,start,word
0.996177,0.39,0.06,رئيس
1.0,0.780028,0.39,الوزراء
0.998112,1.17,0.780028,الإسرائيلي
