conf,end,start,word
0.783515,0.3,0.03,رئيس
1.0,0.813139,0.3,الوزراء
0.671559,1.17,0.813139,الإسرائيلي
