conf,end,start,word
0.905024,0.263005,0.0,الجيش
0.994417,0.87,0.263005,الوطني
