conf,end,start,word
0.872015,0.260517,0.03,مع
1.0,0.87,0.260517,الولايات
1.0,1.17,0.87,المتحدة
