conf,end,start,word
0.619085,0.330107,0.001469,أن
1.0,0.72,0.34873,الولايات
1.0,1.136853,0.72,المتحدة
