conf,end,start,word
0.995697,0.329455,0.03,مع
1.0,0.81,0.329455,الولايات
1.0,1.169732,0.81,المتحدة
