conf,end,start,word
0.903063,0.32978,0.03,بأن
1.0,0.78,0.32978,الولايات
1.0,1.166742,0.78,المتحدة
