conf,end,start,word
0.521158,0.294668,0.0,أن
1.0,0.75,0.294668,الولايات
1.0,1.167808,0.75,المتحدة
