conf,end,start,word
0.916949,0.78,0.181325,اليمن
0.830858,0.96,0.78,أن
