conf,end,start,word
0.829962,0.326127,0.03,من
1.0,0.81,0.326127,اليمن
