conf,end,start,word
0.518056,0.272665,0.171654,في
0.99595,0.81,0.272665,اليمن
