conf,end,start,word
0.965072,0.35478,0.0316,في
1.0,0.81,0.35478,اليمن
