conf,end,start,word
0.927042,0.394398,0.25049,في
0.94491,0.78,0.394398,اليمن
