conf,end,start,word
0.885075,0.353247,0.27,في
1.0,0.78,0.353247,اليمن
