conf,end,start,word
0.589759,0.327696,0.212313,في
1.0,0.81,0.327696,اليمن
