conf,end,start,word
0.915429,0.411221,0.3,في
1.0,0.75,0.411221,اليمن
