conf,end,start,word
0.996569,0.782122,0.094955,اليمن
