conf,end,start,word
0.947748,0.415651,0.27529,في
0.984398,0.78,0.415651,اليمن
