conf,end,start,word
0.997434,0.81,0.001016,اليمنية
0.741967,0.989141,0.81,إن
