conf,end,start,word
0.669654,0.329473,0.0,الدفاع
0.98734,0.84,0.329473,اليمنية
