conf,end,start,word
0.955543,0.81,0.031798,اليمنية
0.856912,0.929075,0.81,في
