conf,end,start,word
0.980354,0.45,0.0,الجزيرة
0.912358,0.683607,0.45,بأن
