conf,end,start,word
0.829011,0.48,0.0,الجزيرة
0.987361,0.715493,0.48,بأن
0.822274,1.038668,0.72,تنظيم
