conf,end,start,word
1.0,0.750082,0.39,باسم
0.297237,1.17,0.750082,الحكومة
