conf,end,start,word
1.0,0.660047,0.42,باسم
0.997575,1.093598,0.660047,الخارجية
