conf,end,start,word
0.417242,0.45,0.0,المتحدث
1.0,0.66,0.45,باسم
1.0,0.991241,0.66,وزارة
0.488281,1.17,0.991241,الدفاع
