conf,end,start,word
0.3595,0.39,0.0,المتحدث
0.999118,0.720043,0.398106,باسم
0.996227,1.033112,0.720043,مجلس
