conf,end,start,word
1.0,0.39,0.0,أهلا
0.999727,0.69,0.39,بكم
0.97032,0.964742,0.69,إلى
