conf,end,start,word
1.0,0.33,0.0,أهلا
1.0,0.78,0.33,بكم
0.835144,1.028051,0.81,إلى
