conf,end,start,word
0.998269,0.48,0.27,أهلا
0.995382,0.689844,0.48,بكم
