conf,end,start,word
0.999077,0.45,0.0,أهلا
0.997479,0.689103,0.45,بكم
0.923625,0.842755,0.690437,إلى
