conf,end,start,word
0.998904,0.45,0.0,أهلا
0.980353,0.71984,0.45,بكم
