conf,end,start,word
0.996975,0.42,0.0,أهلا
0.983971,0.662087,0.42,بكم
0.710886,0.84,0.662087,إلى
