conf,end,start,word
1.0,0.39,0.06,أهلا
1.0,0.75,0.39,بكم
0.72202,1.004106,0.75,إلى
