conf,end,start,word
0.807635,0.39,0.03,مواقع
1.0,0.75,0.391689,تنظيم
1.0,1.078616,0.75,الدولة
