conf,end,start,word
0.990519,0.33,0.0,أن
0.700462,0.691228,0.36,تنظيم
0.672501,1.039712,0.691228,الدولة
