conf,end,start,word
0.985545,0.39,0.0,أن
1.0,0.750069,0.39,تنظيم
0.982762,1.064936,0.750069,الدولة
