conf,end,start,word
0.929348,0.39,0.0,أن
1.0,0.75,0.390093,تنظيم
1.0,1.069993,0.75,الدولة
