conf,end,start,word
0.995082,0.3,0.03,من
0.998766,0.780806,0.3,جهته
0.859631,1.016852,0.81,قال
