conf,end,start,word
0.988425,0.299893,0.06,من
1.0,0.84,0.299893,جهته
0.975883,1.093473,0.87,قال
