conf,end,start,word
0.944994,0.39,0.27,من
0.988722,0.749988,0.39,جهته
0.409692,0.971677,0.78,قال
