conf,end,start,word
0.940776,0.36,0.24,من
0.989866,0.750071,0.36,جهته
0.968692,1.026549,0.78,قال
