conf,end,start,word
0.993193,0.36,0.18,من
0.741297,0.750824,0.36,جهته
0.702272,0.99403,0.78,قال
