conf,end,start,word
0.998686,0.33,0.09,من
1.0,0.81,0.33,جهته
0.887364,1.093016,0.84,قال
