conf,end,start,word
0.918321,0.42,0.27,من
0.998851,0.72,0.42,جهته
0.999205,0.93,0.75,قال
0.100071,1.17,0.93,المتحدث
