conf,end,start,word
0.984435,0.3,0.06,من
1.0,0.81,0.3,جهته
0.73868,1.091407,0.84,قال
