conf,end,start,word
0.995771,0.36,0.12,من
1.0,0.75,0.36,جهته
0.875363,1.073196,0.78,قال
