conf,end,start,word
0.403282,0.749961,0.36049,جهته
