conf,end,start,word
0.934667,0.389311,0.21,من
1.0,0.72,0.389311,جهته
1.0,0.904294,0.75,قال
0.611283,1.14,0.904294,الرئيس
