conf,end,start,word
0.89788,0.359737,0.03,في
0.97197,0.75,0.36,حلب
