conf,end,start,word
0.9278,0.449845,0.27,في
1.0,0.75,0.449845,حلب
