conf,end,start,word
0.980357,0.326514,0.03,في
1.0,0.84,0.33,حلب
