conf,end,start,word
0.990889,0.419727,0.059908,في
1.0,0.78,0.419727,حلب
