conf,end,start,word
0.995439,0.389934,0.03,مدينة
1.0,0.78,0.389934,حلب
