conf,end,start,word
0.684558,0.39,0.0,الأميركي
1.0,0.72,0.395711,دونالد
0.982693,1.104677,0.72,ترامب
