conf,end,start,word
0.99602,0.45,0.0,الأميركي
1.0,0.72,0.450119,دونالد
0.928986,1.077671,0.72,ترامب
