conf,end,start,word
0.627052,0.416249,0.0,الأميركي
1.0,0.72,0.416249,دونالد
0.96015,1.08,0.72,ترامب
