conf,end,start,word
0.794594,0.419981,0.0,الأميركي
0.994861,0.724792,0.419981,دونالد
