conf,end,start,word
0.929546,0.45,0.0,الأميركي
1.0,0.72,0.450148,دونالد
0.988732,1.078283,0.72,ترامب
