conf,end,start,word
0.697156,0.389946,0.0,الأميركي
1.0,0.72,0.389946,دونالد
0.996249,1.04099,0.72,ترامب
