conf,end,start,word
1.0,0.72,0.371467,دونالد
0.763509,1.109788,0.72,ترامب
