conf,end,start,word
0.931947,0.389048,0.0,الأميركي
1.0,0.78,0.389048,دونالد
0.959564,1.14,0.78,ترامب
