conf,end,start,word
1.0,0.39,0.09,قال
1.0,0.72,0.39,رئيس
0.984399,1.164251,0.72,مجلس
