conf,end,start,word
0.633281,0.432728,0.21,قال
0.991066,0.72,0.432728,رئيس
0.998759,1.11,0.75,الوزراء
