conf,end,start,word
0.998364,0.720212,0.42,رئيس
0.987552,1.113027,0.720212,الوزراء
