conf,end,start,word
0.993487,0.45,0.03,قال
1.0,0.72,0.450195,رئيس
1.0,1.109457,0.72,الوزراء
