conf,end,start,word
0.529327,0.33,0.03,قوات
0.99803,0.75,0.360091,صالح
