conf,end,start,word
0.712561,0.2051,0.03,عبد
0.887458,0.42,0.2051,الله
1.0,0.78,0.42,صالح
0.943921,1.139555,0.81,قتلوا
