conf,end,start,word
1.0,0.27,0.032421,عبد
0.986735,0.39,0.27,الله
1.0,0.78,0.39,صالح
