conf,end,start,word
1.0,0.27,0.061712,عبد
0.852418,0.39,0.27,الله
1.0,0.78,0.39,صالح
