conf,end,start,word
0.50578,0.39,0.03,قوات
0.996502,0.750593,0.42,صالح
0.900565,0.9,0.750593,على
