conf,end,start,word
0.924028,0.201103,0.03,عبد
0.929779,0.36,0.201103,الله
1.0,0.81,0.36,صالح
