conf,end,start,word
0.99534,0.42,0.03,وقوات
1.0,0.72,0.45,صالح
0.948387,1.064683,0.75,قتلوا
