conf,end,start,word
0.511904,0.81,0.33,صالح
0.355062,1.169503,1.02,في
