conf,end,start,word
0.693965,0.33,0.03,قوات
1.0,0.81,0.36,صالح
0.762883,1.077436,0.810098,في
