conf,end,start,word
0.956819,0.3,0.03,علي
0.971803,0.87,0.300463,صالح
