conf,end,start,word
0.849691,0.75,0.274908,طائرات
0.892949,1.14,0.75,التحالف
