conf,end,start,word
0.963729,0.33,0.0,أن
1.0,0.782491,0.33,طائرات
0.819932,1.169677,0.782491,التحالف
