conf,end,start,word
0.510758,0.758541,0.39,طائرات
0.567436,1.029516,0.771069,النظام
