conf,end,start,word
0.891876,0.815214,0.330122,طائرات
0.684389,1.17,0.84,التحالف
