conf,end,start,word
1.0,0.840312,0.36,طائرات
0.974447,1.169634,0.840312,النظام
