conf,end,start,word
0.991417,0.358684,0.03155,من
1.0,0.75,0.360257,طائرات
1.0,1.17,0.75,التحالف
