conf,end,start,word
0.706767,0.750306,0.33,طائرات
0.692361,1.17,0.750306,التحالف
