conf,end,start,word
0.994419,0.48,0.03,علي
1.0,0.66,0.48,عبد
0.929869,0.84,0.66,الله
1.0,1.14,0.84,صالح
