conf,end,start,word
0.525862,0.24,0.0,أن
1.0,0.45,0.240989,علي
1.0,0.66,0.45,عبد
0.945797,0.78,0.66,الله
1.0,1.11,0.78,صالح
