conf,end,start,word
1.0,0.48,0.240841,علي
1.0,0.69,0.48,عبد
0.900193,0.84,0.69,الله
1.0,1.168684,0.84,صالح
