conf,end,start,word
0.861845,0.840056,0.24,عسكرية
0.904515,1.02708,0.840056,إلى
