conf,end,start,word
0.880055,0.33,0.03,مصادر
0.964693,0.78,0.33172,عسكرية
