conf,end,start,word
0.878949,0.3,0.03,مصادر
0.988606,0.84,0.300482,عسكرية
0.566203,0.978442,0.840093,إن
