conf,end,start,word
0.534817,0.644594,0.468738,على
