conf,end,start,word
1.0,0.48,0.0,المخلوع
1.0,0.63,0.48,علي
1.0,0.81,0.63,عبد
0.96688,0.96,0.81,الله
1.0,1.169137,0.960431,صالح
