conf,end,start,word
0.99256,0.479322,0.0,المخلوع
0.997974,0.69,0.479322,علي
0.997974,1.11,0.69,صالح
