conf,end,start,word
1.0,0.51,0.0,المخلوع
1.0,0.66,0.51,علي
1.0,0.811303,0.66,عبد
0.919785,0.99,0.811303,الله
1.0,1.17,0.99,صالح
