conf,end,start,word
1.0,0.48,0.0,المخلوع
1.0,0.66,0.48,علي
1.0,0.84,0.66,عبد
0.971499,0.990062,0.84,الله
0.996325,1.17,0.990062,صالح
