conf,end,start,word
1.0,0.75,0.391979,علي
1.0,0.93,0.75,عبد
0.811114,1.052758,0.93,الله
0.847326,1.17,1.052758,صالح
