conf,end,start,word
1.0,0.48,0.0,المخلوع
1.0,0.66,0.48,علي
1.0,0.84,0.66,عبد
0.969317,0.989541,0.84,الله
1.0,1.14,0.989541,صالح
