conf,end,start,word
1.0,0.48,0.0,المخلوع
1.0,0.63,0.48,علي
1.0,0.81,0.63,عبد
0.931276,0.96,0.81,الله
0.99416,1.138721,0.99,صالح
