conf,end,start,word
1.0,0.42,0.0,السلام
1.0,0.75,0.42,عليكم
1.0,1.050553,0.75,ورحمة
0.935164,1.17,1.050553,الله
