conf,end,start,word
1.0,0.36,0.0,السلام
1.0,0.81,0.36,عليكم
1.0,1.050134,0.81,ورحمة
0.99664,1.17,1.050134,الله
