conf,end,start,word
1.0,0.39,0.0,السلام
1.0,0.75,0.39,عليكم
1.0,1.050045,0.75,ورحمة
0.997375,1.17,1.050045,الله
