conf,end,start,word
0.587868,0.45,0.0,السلام
1.0,0.72,0.45,عليكم
0.994004,0.99,0.72,ورحمة
1.0,1.11018,0.99018,الله
