conf,end,start,word
0.996656,0.629962,0.54,في
1.0,1.014676,0.629962,اليمن
