conf,end,start,word
1.0,0.69,0.397613,قال
1.0,1.050504,0.69,المتحدث
0.932524,1.17,1.050504,باسم
