conf,end,start,word
1.0,0.779493,0.39,قال
0.920758,1.12878,0.78,رئيس
