conf,end,start,word
0.987016,0.714478,0.45,قال
0.778836,1.133745,0.72,مراسل
