conf,end,start,word
1.0,0.717183,0.39,قال
0.897809,1.011055,0.72,رئيس
