conf,end,start,word
0.973266,0.709526,0.39,قال
0.532348,1.116165,0.72,مجلس
