conf,end,start,word
0.934901,0.750156,0.42,قالت
0.985304,1.049806,0.750156,وزارة
