conf,end,start,word
0.941343,0.75,0.361245,قالت
1.0,1.060054,0.75,وزارة
