conf,end,start,word
0.719122,0.63,0.39,قال
0.773778,1.139346,0.667572,المتحدث
