conf,end,start,word
0.971449,0.72,0.45,قالت
0.990028,1.042062,0.72,مصادر
