conf,end,start,word
0.996525,0.75,0.45,قالت
0.996709,1.165911,0.75,مصادر
