conf,end,start,word
0.91117,0.748936,0.39,قالت
0.885198,1.163902,0.752283,مصادر
