conf,end,start,word
0.978306,0.72,0.39,قالت
1.0,0.995648,0.72,وزارة
0.796816,1.17,0.995648,الدفاع
