conf,end,start,word
0.725437,0.72,0.36,قالت
0.993119,1.025113,0.72,وزارة
