conf,end,start,word
0.983342,0.72,0.42,قالت
1.0,0.960714,0.72,وزارة
0.948638,1.14,0.960714,الدفاع
