conf,end,start,word
0.967171,0.39,0.211404,في
1.0,0.78,0.39,قطر
