conf,end,start,word
0.991592,0.36,0.0,أن
1.0,0.78,0.360252,قطر
