conf,end,start,word
0.945951,0.39,0.240611,في
1.0,0.81,0.39,قطر
