conf,end,start,word
0.971629,0.39,0.239533,في
1.0,0.78,0.39,قطر
