conf,end,start,word
0.990435,0.39,0.250687,في
1.0,0.75,0.39,قطر
