conf,end,start,word
1.0,0.75,0.393828,قطر
0.888801,0.87,0.75,في
