conf,end,start,word
0.953005,0.42,0.141932,في
1.0,0.75,0.42,قطر
0.968662,1.04769,0.75,السلام
