conf,end,start,word
0.995281,0.42,0.036441,في
1.0,0.75,0.42,قطر
