conf,end,start,word
0.870928,0.39,0.038443,من
0.997725,0.69,0.39,قناة
1.0,1.14,0.69,الجزيرة
