conf,end,start,word
0.979652,0.42,0.030755,من
1.0,0.75,0.42,قناة
1.0,1.153615,0.75,الجزيرة
