conf,end,start,word
0.991825,0.33,0.03,من
1.0,0.78,0.330245,قناة
0.876702,1.17,0.78,الجزيرة
