conf,end,start,word
0.78348,0.389778,0.033671,من
1.0,0.75,0.389778,قناة
1.0,1.168649,0.75,الجزيرة
