conf,end,start,word
0.812299,0.42,0.27,من
1.0,0.75,0.425024,قناة
1.0,1.1678,0.75,الجزيرة
