conf,end,start,word
0.843155,0.271135,0.0,أن
0.996676,0.72,0.42,قناة
1.0,1.130852,0.72,الجزيرة
