conf,end,start,word
0.961654,0.39,0.06,من
1.0,0.75,0.41885,قناة
1.0,1.097494,0.75,الجزيرة
