conf,end,start,word
0.967093,0.45,0.032839,من
1.0,0.72,0.45,قناة
1.0,1.095271,0.72,الجزيرة
