conf,end,start,word
0.915271,0.39,0.27,من
1.0,0.72,0.392542,قناة
1.0,1.157764,0.72,الجزيرة
