conf,end,start,word
0.949334,0.45,0.210254,من
1.0,0.72,0.45,قناة
1.0,1.169741,0.72,الجزيرة
