conf,end,start,word
0.998134,0.36,0.03,من
0.992584,0.78,0.39,قناة
1.0,1.17,0.780222,الجزيرة
