conf,end,start,word
0.706591,0.45,0.271181,من
1.0,0.72,0.45,قناة
1.0,1.164666,0.72,الجزيرة
