conf,end,start,word
0.929011,0.42,0.051078,من
1.0,0.72,0.42,قناة
1.0,1.086524,0.72,الجزيرة
