conf,end,start,word
0.99009,0.42,0.03,من
1.0,0.75,0.420297,قناة
1.0,1.148777,0.75,الجزيرة
