conf,end,start,word
0.900371,0.39,0.210175,من
1.0,0.75,0.39,قناة
1.0,1.169757,0.75,الجزيرة
