conf,end,start,word
0.964911,0.42,0.031822,من
1.0,0.75,0.421053,قناة
1.0,1.137211,0.75,الجزيرة
