conf,end,start,word
0.520137,0.3,0.0,أن
0.465861,0.819462,0.309841,قوات
