conf,end,start,word
0.972521,0.540291,0.042284,قوات
0.969194,0.822208,0.540291,الجيش
