conf,end,start,word
0.895906,0.45,0.004773,أن
1.0,0.75,0.476877,قوات
1.0,1.138457,0.75,التحالف
