conf,end,start,word
0.897503,0.78,0.393405,قوات
0.784775,1.100916,0.78,الأمن
