conf,end,start,word
0.983921,0.72,0.412222,قوات
0.999109,1.097095,0.72,النظام
