conf,end,start,word
1.0,0.750012,0.338668,قوات
0.998933,0.999446,0.750012,النظام
0.430679,1.17,0.999446,السوري
