conf,end,start,word
0.994887,0.84,0.032774,للجزيرة
0.77057,1.015486,0.84,إن
