conf,end,start,word
0.387051,0.84,0.218118,للجزيرة
0.470936,1.11,0.841784,إن
