conf,end,start,word
0.527656,0.869414,0.062694,للجزيرة
0.746502,1.14,0.87,إن
