conf,end,start,word
0.945781,0.84,0.270928,للجزيرة
0.877002,1.11,0.84,أن
