conf,end,start,word
0.993699,0.36,0.03,مصادر
1.0,0.839916,0.36,للجزيرة
0.984418,1.045275,0.84,إن
