conf,end,start,word
1.0,0.3,0.03,مصادر
1.0,0.868872,0.3,للجزيرة
0.957385,1.02393,0.87,إن
