conf,end,start,word
1.0,0.923008,0.24,للجزيرة
0.494731,1.064204,0.93,إن
