conf,end,start,word
0.636292,0.9,0.27,للجزيرة
0.604847,1.037569,0.90001,إن
