conf,end,start,word
0.870931,0.36,0.03,مراسل
0.967775,0.78,0.364001,الجزيرة
0.91962,0.900028,0.78,أن
0.215275,1.169855,0.900186,طائرات
