conf,end,start,word
0.886901,0.93,0.031707,للجزيرة
0.467966,1.17,0.93,أن
