conf,end,start,word
0.844159,0.839905,0.255215,للجزيرة
0.774008,0.96076,0.84,إن
