conf,end,start,word
0.997912,0.36,0.03,مصادر
1.0,0.81,0.36,للجزيرة
0.878123,0.995972,0.81,بأن
