conf,end,start,word
0.988947,0.810106,0.298245,للجزيرة
0.897197,0.972894,0.810106,إن
