conf,end,start,word
0.999231,0.45,0.03,في
0.954564,0.75,0.45,ليبيا
