conf,end,start,word
0.923892,0.36,0.046099,في
0.965027,0.81,0.36,ليبيا
