conf,end,start,word
0.982957,0.42,0.24,في
0.982957,0.719948,0.42,ليبيا
