conf,end,start,word
0.979647,0.329533,0.032338,في
1.0,0.81,0.329533,ليبيا
