conf,end,start,word
0.992673,0.359896,0.210852,في
1.0,0.84,0.359896,ليبيا
