conf,end,start,word
0.988591,0.42,0.24,في
0.937907,0.766412,0.42,ليبيا
