conf,end,start,word
0.992472,0.35997,0.239891,في
1.0,0.78,0.35997,ليبيا
