conf,end,start,word
0.852447,0.419193,0.27,في
0.880542,0.75,0.419193,ليبيا
