conf,end,start,word
0.992241,0.36,0.03,رئيس
0.962148,0.72,0.36,مجلس
0.966971,1.106103,0.72,الوزراء
