conf,end,start,word
1.0,0.45,0.220278,إلى
1.0,0.72,0.45,مجلس
1.0,0.960242,0.72,الأمن
0.860445,1.166678,0.960242,الدولي
