conf,end,start,word
1.0,0.810009,0.33,مجلس
0.99277,1.076631,0.810009,الأمن
