conf,end,start,word
0.974148,0.331005,0.03,رئيس
0.937555,0.75,0.331005,مجلس
