conf,end,start,word
0.979778,0.84392,0.39,مجلس
0.471437,1.051024,0.84392,الأمن
