conf,end,start,word
1.0,0.78,0.33,محمد
0.999015,0.992475,0.78,علي
0.232225,1.17,0.992475,الحوثي
