conf,end,start,word
1.0,0.72,0.36,محمد
0.987181,0.900065,0.72,عبد
0.979401,1.17,0.900065,السلام
