conf,end,start,word
0.961306,0.39,0.032865,إلى
1.0,0.75,0.39,محمد
1.0,1.109184,0.78,صالح
