conf,end,start,word
0.996275,0.359948,0.03,في
0.979185,0.78,0.36,مدينة
