conf,end,start,word
0.940307,0.39,0.18,قال
0.973247,0.75,0.392766,مراسل
1.0,1.100697,0.750803,الجزيرة
