conf,end,start,word
0.994801,0.36,0.09,قال
0.997493,0.78,0.36,مراسل
0.996527,1.150244,0.78,الجزيرة
