conf,end,start,word
0.940092,0.389751,0.09,قال
0.915179,0.78,0.39,مراسل
0.994417,1.136047,0.782559,الجزيرة
