conf,end,start,word
0.993858,0.36,0.03,قال
0.568086,0.81,0.36,مراسل
1.0,1.136852,0.81,الجزيرة
