conf,end,start,word
0.968507,0.359845,0.09,قال
0.952494,0.78,0.39024,مراسل
1.0,1.095147,0.781425,الجزيرة
