conf,end,start,word
0.947514,0.388763,0.06,قال
0.655892,0.750295,0.39,مراسل
0.987049,1.107873,0.750295,الجزيرة
