conf,end,start,word
0.90652,0.78,0.282841,مصادر
0.769104,1.166974,0.78,للجزيرة
