conf,end,start,word
0.983569,0.419488,0.03,قالت
1.0,0.78,0.419488,مصادر
1.0,1.138432,0.78,عسكرية
