conf,end,start,word
0.807398,0.29936,0.03,قالت
0.852977,0.9,0.29936,مصادر
