conf,end,start,word
0.979607,0.63,0.48,من
0.945854,0.960375,0.63,جهته
