conf,end,start,word
0.906696,0.659452,0.479501,من
0.927947,1.006025,0.659452,الرئيس
