conf,end,start,word
0.947515,0.81,0.330239,مواقع
0.985562,1.17,0.81,عسكرية
