conf,end,start,word
0.997305,0.36,0.03,على
0.210291,1.167157,1.106925,في
