conf,end,start,word
0.986136,0.359824,0.03,على
1.0,0.81,0.359824,مواقع
1.0,1.14,0.81,عسكرية
