conf,end,start,word
0.921032,0.33,0.03,على
0.969592,0.78,0.332561,مواقع
0.901807,1.152599,0.78,تنظيم
