conf,end,start,word
0.993362,0.330032,0.03,في
0.966356,0.825073,0.330032,مواقع
