conf,end,start,word
0.704717,0.26774,0.06,على
0.997834,0.87,0.26774,مواقع
0.421651,1.17,0.87,قوات
