conf,end,start,word
0.994561,0.75,0.36,وذلك
0.99472,1.078611,0.75,في
