conf,end,start,word
0.984354,0.78,0.39,وذلك
0.975251,0.996358,0.78,على
