conf,end,start,word
1.0,0.750099,0.39,وذلك
0.990109,0.93,0.750099,في
