conf,end,start,word
1.0,0.36,0.03,باسم
1.0,0.811814,0.36,وزارة
0.857606,1.166235,0.811814,الدفاع
