conf,end,start,word
0.974706,0.449338,0.24,في
1.0,0.72,0.449338,وزارة
1.0,1.109177,0.72,الدفاع
