conf,end,start,word
0.955648,0.36,0.03,قالت
1.0,0.78318,0.360245,وزارة
0.756718,1.10984,0.78318,الدفاع
