conf,end,start,word
0.624203,0.779482,0.36,وزارة
0.756284,1.15881,0.779482,الدفاع
