conf,end,start,word
1.0,0.33,0.03,في
1.0,0.780061,0.33,وزارة
0.995392,1.14,0.780061,الخارجية
