conf,end,start,word
1.0,0.33,0.03,باسم
1.0,0.786651,0.33,وزارة
0.510566,1.16481,0.786651,الدفاع
