conf,end,start,word
0.98152,0.45,0.03,قالت
1.0,0.72,0.450135,وزارة
1.0,0.996871,0.72,الدفاع
