conf,end,start,word
0.639092,0.45,0.27,قال
1.0,0.72,0.471311,وزير
1.0,1.015658,0.72,الدفاع
