conf,end,start,word
0.994275,0.42,0.21,قال
1.0,0.72,0.420081,وزير
1.0,1.158619,0.72,الخارجية
