conf,end,start,word
0.953092,0.45,0.24,قال
1.0,0.72,0.451407,وزير
1.0,1.014374,0.72,الدفاع
