conf,end,start,word
0.994509,0.42,0.18,قال
1.0,0.69,0.420165,وزير
1.0,1.090671,0.69,الخارجية
