conf,end,start,word
0.996685,0.39,0.12,قال
1.0,0.72,0.390099,وزير
1.0,1.169539,0.72,الخارجية
