conf,end,start,word
1.0,0.780104,0.36,وزير
0.996243,1.14,0.780104,الخارجية
