conf,end,start,word
0.994686,0.42,0.03,قال
1.0,0.72,0.420159,وزير
1.0,1.096475,0.72,الخارجية
