conf,end,start,word
0.905005,0.36,0.12,قال
1.0,0.72,0.364689,وزير
1.0,1.078109,0.72,الدفاع
