conf,end,start,word
0.995086,0.36,0.0,الحوثي
1.0,0.81,0.360147,وقوات
1.0,1.169587,0.84,صالح
