conf,end,start,word
0.997312,0.36,0.0,الحوثي
1.0,0.81,0.360161,وقوات
0.917265,1.137021,0.81,الرئيس
