conf,end,start,word
1.0,0.870371,0.27,وقوات
0.950925,1.166481,0.870371,النظام
