conf,end,start,word
0.98977,0.36,0.0,الحوثي
1.0,0.811541,0.360018,وقوات
0.856972,1.064668,0.811541,الرئيس
