conf,end,start,word
0.993713,0.81,0.36,وقوات
0.940558,1.100684,0.81,الرئيس
