conf,end,start,word
0.91205,0.359602,0.0,الحوثي
1.0,0.81,0.359602,وقوات
0.92452,1.08156,0.81,الرئيس
