conf,end,start,word
0.897272,0.810829,0.33,وقوات
0.755188,1.17,0.810829,المعارضة
