conf,end,start,word
0.99705,0.869824,0.274922,وقوات
