conf,end,start,word
0.973108,0.29872,0.0,الدولة
0.99094,0.84,0.29872,الإسلامية
0.504569,1.14,0.84,قتل
