conf,end,start,word
0.984139,0.29831,0.0,الدولة
1.0,0.84,0.29831,الإسلامية
0.361461,1.14,0.84,قتله
