conf,end,start,word
0.876118,0.750086,0.020589,الإيراني
0.979114,1.05227,0.751475,محمد
0.655435,1.17,1.05227,مرسي
