conf,end,start,word
0.932143,0.36,0.0,الرئيس
1.0,0.78,0.36,الإيراني
0.658699,1.137416,0.78,حسن
