conf,end,start,word
0.587936,0.356837,0.0,الثورية
0.998912,0.83997,0.356837,الإيرانية
0.652638,1.17,0.83997,الجنرال
