conf,end,start,word
0.75701,0.36,0.03,مراسلو
1.0,0.78,0.36,الجزيرة
0.881142,0.926256,0.78,أن
