conf,end,start,word
0.653431,0.45,0.0,أفاد
0.990847,0.75,0.450109,الجيش
1.0,1.17,0.75,المصري
