conf,end,start,word
0.996265,0.329957,0.03,ودعت
1.0,0.81,0.329957,الخارجية
0.979664,1.17,0.81,الفرنسية
