conf,end,start,word
0.615821,0.219229,0.03,باسم
1.0,0.87,0.219229,الخارجية
0.815718,1.17,0.87,الإيرانية
