conf,end,start,word
0.556885,0.36,0.03,وعشرين
1.0,0.78,0.39,شخصا
0.987732,1.108916,0.81,قتلوا
