conf,end,start,word
0.803474,0.330864,0.03,لِحِلْفِ
0.829742,0.75,0.359206,شَمَالِ
0.919968,1.14,0.75,ٱلْأَطْلَسِي
