conf,end,start,word
0.659365,0.411191,0.0,السورية
0.997426,0.78,0.411191,شمال
0.648943,1.018109,0.81,شرق
0.479929,1.17,1.018109,سوريا
