conf,end,start,word
0.998638,0.419954,0.0,أهالي
1.0,0.75,0.419954,شمال
1.0,1.14,0.75,سيناء
