conf,end,start,word
0.896893,0.33,0.03,قوات
1.0,0.78,0.36,صالح
0.318392,1.167884,0.78,وأنصاره
