conf,end,start,word
0.991319,0.39,0.03,علي
1.0,0.78,0.39,صالح
0.519937,1.138303,0.78,مناطق
