conf,end,start,word
0.495546,0.389834,0.0304,وَقُوَّاتِ
0.987111,0.75,0.42,صَالِحْ
0.88525,1.17,0.78,قُتِلُو
