conf,end,start,word
1.0,0.42,0.03,بِشَأْنِ
1.0,0.690456,0.42,عَدَدْ
0.974985,1.108696,0.690456,ٱضَّحَايَا
