conf,end,start,word
0.319755,0.46044,0.031172,بَيَانِ
0.99874,0.66,0.484782,عَلَى
1.0,1.019206,0.66,تُوِيتَرْ
