conf,end,start,word
0.708297,0.51,0.03,سيطرت
1.0,0.69,0.51,على
0.602084,1.11,0.69,مبادئ
