conf,end,start,word
1.0,0.48,0.03,هجوما
0.994132,0.66,0.48,على
0.971588,1.139174,0.66,الحوثيين
