conf,end,start,word
0.873491,0.419836,0.0,جَزِيرَهْ
0.998829,0.745676,0.419836,عَنْ
0.653609,1.137271,0.75,عُضْوْ
