conf,end,start,word
0.479948,0.39,0.03,شعبي
0.999064,0.750684,0.418802,قتلوا
0.956472,1.003687,0.78,خلال
0.077024,1.17,1.003687,الثورة
