conf,end,start,word
0.979084,0.33,0.03,قد
1.0,0.78,0.353098,قتلوا
0.999205,0.900063,0.78,في
0.245824,1.17,0.900063,غاريسا
